,Kingdom,Phylum,Class,Order,Family,Genus
Zotu8,Bacteria,Proteobacteria,Betaproteobacteria,Burkholderiales,Comamonadaceae,Acidovorax
Zotu3,Bacteria,Proteobacteria,Gammaproteobacteria,Pseudomonadales,Pseudomonadaceae,Pseudomonas
Zotu7,Bacteria,Actinobacteria,Actinobacteria,Actinomycetales,Streptomycetaceae,Streptomyces
Zotu5,Bacteria,Proteobacteria,Alphaproteobacteria,Sphingomonadales,Sphingomonadaceae,Novosphingobium
Zotu10,Bacteria,Proteobacteria,Gammaproteobacteria,Pseudomonadales,Pseudomonadaceae,Cellvibrio
Zotu2,Bacteria,Proteobacteria,Gammaproteobacteria,Pseudomonadales,Pseudomonadaceae,Pseudomonas
Zotu9,Bacteria,Proteobacteria,Gammaproteobacteria,Xanthomonadales,Xanthomonadaceae,Unsigned
Zotu6,Bacteria,Proteobacteria,Gammaproteobacteria,Pseudomonadales,Pseudomonadaceae,Pseudomonas
Zotu1,Bacteria,Proteobacteria,Alphaproteobacteria,Rhizobiales,Rhizobiaceae,Rhizobium
Zotu4,Bacteria,Proteobacteria,Gammaproteobacteria,Pseudomonadales,Pseudomonadaceae,Pseudomonas
Zotu12,Bacteria,Proteobacteria,Alphaproteobacteria,Rhizobiales,Rhizobiaceae,Shinella
Zotu13,Bacteria,Actinobacteria,Actinobacteria,Actinomycetales,Streptomycetaceae,Streptomyces
Zotu15,Bacteria,Proteobacteria,Alphaproteobacteria,Rhizobiales,Bradyrhizobiaceae,Bradyrhizobium
Zotu17,Bacteria,Proteobacteria,Alphaproteobacteria,Rhizobiales,Bradyrhizobiaceae,Bradyrhizobium
Zotu14,Bacteria,Proteobacteria,Alphaproteobacteria,Sphingomonadales,Sphingomonadaceae,Novosphingobium
Zotu16,Bacteria,Proteobacteria,Alphaproteobacteria,Sphingomonadales,Sphingomonadaceae,Novosphingobium
Zotu19,Bacteria,Proteobacteria,Alphaproteobacteria,Sphingomonadales,Sphingomonadaceae,Novosphingobium
Zotu18,Bacteria,Proteobacteria,Alphaproteobacteria,Rhizobiales,Rhizobiaceae,Rhizobium
Zotu21,Bacteria,Proteobacteria,Alphaproteobacteria,Rhizobiales,Bradyrhizobiaceae,Bradyrhizobium
Zotu22,Bacteria,Actinobacteria,Actinobacteria,Actinomycetales,Streptomycetaceae,Streptomyces
Zotu26,Bacteria,Bacteroidetes,Sphingobacteriia,Sphingobacteriales,Chitinophagaceae,Unsigned
Zotu27,Bacteria,Bacteroidetes,Flavobacteriia,Flavobacteriales,Flavobacteriaceae,Flavobacterium
Zotu23,Bacteria,Proteobacteria,Gammaproteobacteria,Pseudomonadales,Pseudomonadaceae,Pseudomonas
Zotu25,Bacteria,Proteobacteria,Alphaproteobacteria,Rhizobiales,Rhizobiaceae,Rhizobium
Zotu24,Bacteria,Proteobacteria,Gammaproteobacteria,Pseudomonadales,Pseudomonadaceae,Unsigned
Zotu29,Bacteria,Actinobacteria,Actinobacteria,Actinomycetales,Streptomycetaceae,Streptomyces
Zotu28,Bacteria,Proteobacteria,Alphaproteobacteria,Rhizobiales,Rhizobiaceae,Rhizobium
Zotu20,Bacteria,Proteobacteria,Alphaproteobacteria,Rhizobiales,Hyphomicrobiaceae,Devosia
Zotu34,Bacteria,Bacteroidetes,Sphingobacteriia,Sphingobacteriales,Chitinophagaceae,Niastella
Zotu30,Bacteria,Proteobacteria,Gammaproteobacteria,Pseudomonadales,Pseudomonadaceae,Pseudomonas
Zotu31,Bacteria,Proteobacteria,Gammaproteobacteria,Xanthomonadales,Sinobacteraceae,Unsigned
Zotu32,Bacteria,Proteobacteria,Gammaproteobacteria,Pseudomonadales,Pseudomonadaceae,Pseudomonas
Zotu35,Bacteria,Proteobacteria,Gammaproteobacteria,Chromatiales,Chromatiaceae,Rheinheimera
Zotu38,Bacteria,Bacteroidetes,Flavobacteriia,Flavobacteriales,Flavobacteriaceae,Flavobacterium
Zotu33,Bacteria,Proteobacteria,Alphaproteobacteria,Rhizobiales,Rhizobiaceae,Shinella
Zotu36,Bacteria,Proteobacteria,Alphaproteobacteria,Rhizobiales,Rhizobiaceae,Rhizobium
Zotu37,Bacteria,Proteobacteria,Alphaproteobacteria,Rhizobiales,Rhizobiaceae,Rhizobium
Zotu42,Bacteria,Proteobacteria,Alphaproteobacteria,Sphingomonadales,Sphingomonadaceae,Sphingobium
Zotu41,Bacteria,Proteobacteria,Gammaproteobacteria,Enterobacteriales,Enterobacteriaceae,Unsigned
Zotu40,Bacteria,p:Firmicutes,Bacilli,Bacillales,Bacillaceae_1,Bacillus
Zotu39,Bacteria,Proteobacteria,Betaproteobacteria,Burkholderiales,Comamonadaceae,Comamonas
Zotu43,Bacteria,Bacteroidetes,Sphingobacteriia,Sphingobacteriales,Chitinophagaceae,Unsigned
Zotu44,Bacteria,Actinobacteria,Actinobacteria,Actinomycetales,Streptomycetaceae,Streptomyces
Zotu46,Bacteria,Proteobacteria,Alphaproteobacteria,Rhizobiales,Phyllobacteriaceae,Mesorhizobium
Zotu45,Bacteria,Proteobacteria,Alphaproteobacteria,Sphingomonadales,Sphingomonadaceae,Sphingopyxis
Zotu48,Bacteria,Bacteroidetes,Flavobacteriia,Flavobacteriales,Flavobacteriaceae,Flavobacterium
Zotu47,Bacteria,Proteobacteria,Alphaproteobacteria,Rhizobiales,Bradyrhizobiaceae,Unsigned
Zotu49,Bacteria,Proteobacteria,Betaproteobacteria,Burkholderiales,Comamonadaceae,Unsigned
Zotu50,Bacteria,Proteobacteria,Betaproteobacteria,Burkholderiales,Comamonadaceae,Delftia
Zotu51,Bacteria,Proteobacteria,Alphaproteobacteria,Rhizobiales,Hyphomicrobiaceae,Devosia
Zotu53,Bacteria,Proteobacteria,Alphaproteobacteria,Rhizobiales,Rhizobiaceae,Unsigned
Zotu54,Bacteria,Proteobacteria,Alphaproteobacteria,Rhodobacterales,Rhodobacteraceae,Unsigned
Zotu55,Bacteria,Actinobacteria,Actinobacteria,Actinomycetales,Streptomycetaceae,Streptomyces
Zotu57,Bacteria,Proteobacteria,Deltaproteobacteria,Myxococcales,Nannocystaceae,Nannocystis
Zotu58,Bacteria,Bacteroidetes,Cytophagia,Cytophagales,Unsigned,Unsigned
Zotu52,Bacteria,Proteobacteria,Betaproteobacteria,Burkholderiales,Comamonadaceae,Unsigned
Zotu56,Bacteria,Proteobacteria,Alphaproteobacteria,Rhizobiales,Hyphomicrobiaceae,Hyphomicrobium
Zotu59,Bacteria,Proteobacteria,Gammaproteobacteria,Chromatiales,Chromatiaceae,Rheinheimera
Zotu60,Bacteria,Proteobacteria,Alphaproteobacteria,Rhizobiales,Rhizobiaceae,Rhizobium
Zotu61,Bacteria,Bacteroidetes,Sphingobacteriia,Sphingobacteriales,Chitinophagaceae,Niabella
Zotu64,Bacteria,Proteobacteria,Alphaproteobacteria,Caulobacterales,Caulobacteraceae,Caulobacter
Zotu63,Bacteria,Proteobacteria,Alphaproteobacteria,Rhizobiales,Bradyrhizobiaceae,Unsigned
Zotu62,Bacteria,Proteobacteria,Alphaproteobacteria,Rhizobiales,Unsigned,Unsigned
Zotu69,Bacteria,Proteobacteria,Alphaproteobacteria,Rhizobiales,Rhizobiaceae,Rhizobium
Zotu70,Bacteria,Proteobacteria,Alphaproteobacteria,Rhizobiales,Rhizobiaceae,Rhizobium
Zotu71,Bacteria,Unsigned,Unsigned,Unsigned,Unsigned,Unsigned
Zotu66,Bacteria,Proteobacteria,Alphaproteobacteria,Rhizobiales,Brucellaceae,Ochrobactrum
Zotu65,Bacteria,Proteobacteria,Alphaproteobacteria,Rhizobiales,Rhizobiaceae,Unsigned
Zotu68,Bacteria,Proteobacteria,Gammaproteobacteria,Pseudomonadales,Pseudomonadaceae,Pseudomonas
Zotu67,Bacteria,Proteobacteria,Alphaproteobacteria,Rhizobiales,Rhizobiaceae,Rhizobium
Zotu72,Bacteria,Bacteroidetes,Cytophagia,Cytophagales,Chryseolinea,Unsigned
Zotu76,Bacteria,Bacteroidetes,Sphingobacteriia,Sphingobacteriales,Chitinophagaceae,Flavihumibacter
Zotu75,Bacteria,Proteobacteria,Betaproteobacteria,Burkholderiales,Comamonadaceae,Unsigned
Zotu73,Bacteria,Proteobacteria,Alphaproteobacteria,Caulobacterales,Caulobacteraceae,Unsigned
Zotu79,Bacteria,Bacteroidetes,Sphingobacteriia,Sphingobacteriales,Sphingobacteriaceae,Sphingobacterium
Zotu74,Bacteria,Proteobacteria,Alphaproteobacteria,Rhizobiales,Unsigned,Unsigned
Zotu77,Bacteria,Proteobacteria,Alphaproteobacteria,Sphingomonadales,Sphingomonadaceae,Sphingobium
Zotu80,Bacteria,Bacteroidetes,Sphingobacteriia,Sphingobacteriales,Chitinophagaceae,Unsigned
Zotu78,Bacteria,Proteobacteria,Alphaproteobacteria,Rhizobiales,Rhizobiaceae,Rhizobium
Zotu81,Bacteria,Proteobacteria,Alphaproteobacteria,Rhizobiales,Phyllobacteriaceae,Mesorhizobium
Zotu82,Bacteria,Proteobacteria,Alphaproteobacteria,Caulobacterales,Caulobacteraceae,Asticcacaulis
Zotu83,Bacteria,Bacteroidetes,Sphingobacteriia,Sphingobacteriales,Chitinophagaceae,Taibaiella
Zotu85,Bacteria,Bacteroidetes,Flavobacteriia,Flavobacteriales,Flavobacteriaceae,Flavobacterium
Zotu84,Bacteria,Proteobacteria,Alphaproteobacteria,Caulobacterales,Caulobacteraceae,Asticcacaulis
Zotu86,Bacteria,Proteobacteria,Alphaproteobacteria,Rhizobiales,Xanthobacteraceae,Unsigned
Zotu87,Bacteria,Bacteroidetes,Cytophagia,Cytophagales,Ohtaekwangia,Unsigned
Zotu88,Bacteria,Bacteroidetes,Sphingobacteriia,Sphingobacteriales,Sphingobacteriaceae,Sphingobacterium
Zotu89,Bacteria,Proteobacteria,Alphaproteobacteria,Rhodospirillales,Rhodospirillaceae,Dongia
Zotu90,Bacteria,Proteobacteria,Gammaproteobacteria,Xanthomonadales,Sinobacteraceae,Steroidobacter
Zotu93,Bacteria,Proteobacteria,Alphaproteobacteria,Rhizobiales,Bradyrhizobiaceae,Bradyrhizobium
Zotu92,Bacteria,Proteobacteria,Alphaproteobacteria,Rhizobiales,Hyphomicrobiaceae,Devosia
Zotu91,Bacteria,Proteobacteria,Alphaproteobacteria,Sphingomonadales,Sphingomonadaceae,Sphingobium
Zotu94,Bacteria,Proteobacteria,Gammaproteobacteria,Pseudomonadales,Pseudomonadaceae,Rhizobacter
Zotu95,Bacteria,Proteobacteria,Alphaproteobacteria,Caulobacterales,Caulobacteraceae,Unsigned
Zotu96,Bacteria,Proteobacteria,Betaproteobacteria,Burkholderiales,Burkholderiales_incertae_sedis,Unsigned
Zotu98,Bacteria,Proteobacteria,Gammaproteobacteria,Thiotrichales,Piscirickettsiaceae,Methylophaga
Zotu97,Bacteria,Proteobacteria,Betaproteobacteria,Burkholderiales,Comamonadaceae,Unsigned
Zotu99,Bacteria,Bacteroidetes,Sphingobacteriia,Sphingobacteriales,Chitinophagaceae,Chitinophaga
Zotu101,Bacteria,Bacteroidetes,Sphingobacteriia,Sphingobacteriales,Chitinophagaceae,Unsigned
Zotu102,Bacteria,Bacteroidetes,Sphingobacteriia,Sphingobacteriales,Chitinophagaceae,Chitinophaga
Zotu104,Bacteria,Actinobacteria,Actinobacteria,Actinomycetales,Streptomycetaceae,Streptomyces
Zotu103,Bacteria,Proteobacteria,Alphaproteobacteria,Rhizobiales,Unsigned,Unsigned
Zotu100,Bacteria,Proteobacteria,Gammaproteobacteria,Xanthomonadales,Xanthomonadaceae,Dokdonella
Zotu105,Bacteria,Proteobacteria,Alphaproteobacteria,Caulobacterales,Caulobacteraceae,Caulobacter
Zotu106,Bacteria,Proteobacteria,Alphaproteobacteria,Rhizobiales,Unsigned,Unsigned
Zotu110,Bacteria,Bacteroidetes,Sphingobacteriia,Sphingobacteriales,Chitinophagaceae,Unsigned
Zotu107,Bacteria,Proteobacteria,Alphaproteobacteria,Rhizobiales,Hyphomicrobiaceae,Unsigned
Zotu108,Bacteria,Proteobacteria,Alphaproteobacteria,Caulobacterales,Caulobacteraceae,Unsigned
Zotu109,Bacteria,Actinobacteria,Actinobacteria,Actinomycetales,Streptomycetaceae,Streptomyces
Zotu111,Bacteria,Proteobacteria,Gammaproteobacteria,Enterobacteriales,Enterobacteriaceae,Unsigned
Zotu113,Bacteria,Bacteroidetes,Sphingobacteriia,Sphingobacteriales,Chitinophagaceae,Unsigned
Zotu112,Bacteria,Proteobacteria,Alphaproteobacteria,Rhizobiales,Bradyrhizobiaceae,Bradyrhizobium
Zotu115,Bacteria,Proteobacteria,Alphaproteobacteria,Rhizobiales,Rhizobiaceae,Rhizobium
Zotu114,Bacteria,Proteobacteria,Gammaproteobacteria,Chromatiales,Chromatiaceae,Rheinheimera
Zotu117,Bacteria,Bacteroidetes,Sphingobacteriia,Sphingobacteriales,Chitinophagaceae,Chitinophaga
Zotu116,Bacteria,Proteobacteria,Alphaproteobacteria,Rhizobiales,Unsigned,Unsigned
Zotu118,Bacteria,Bacteroidetes,Sphingobacteriia,Sphingobacteriales,Chitinophagaceae,Unsigned
Zotu119,Bacteria,Bacteroidetes,Flavobacteriia,Flavobacteriales,Flavobacteriaceae,Unsigned
Zotu121,Bacteria,Bacteroidetes,Sphingobacteriia,Sphingobacteriales,Sphingobacteriaceae,Sphingobacterium
Zotu123,Bacteria,Proteobacteria,Alphaproteobacteria,Rhizobiales,Bradyrhizobiaceae,Bosea
Zotu120,Bacteria,Proteobacteria,Alphaproteobacteria,Rhizobiales,Bradyrhizobiaceae,Unsigned
Zotu122,Bacteria,Proteobacteria,Alphaproteobacteria,Caulobacterales,Caulobacteraceae,Caulobacter
Zotu124,Bacteria,p:Firmicutes,Bacilli,Bacillales,Paenibacillaceae_2,Aneurinibacillus
Zotu126,Bacteria,Actinobacteria,Actinobacteria,Actinomycetales,Streptomycetaceae,Streptomyces
Zotu125,Bacteria,Proteobacteria,Alphaproteobacteria,Rhizobiales,Rhizobiaceae,Rhizobium
Zotu127,Bacteria,Bacteroidetes,Cytophagia,Cytophagales,Cytophagaceae,Dyadobacter
Zotu128,Bacteria,Proteobacteria,Alphaproteobacteria,Rhizobiales,Hyphomicrobiaceae,Devosia
Zotu130,Bacteria,Proteobacteria,Alphaproteobacteria,Rhizobiales,Bradyrhizobiaceae,Unsigned
Zotu129,Bacteria,Proteobacteria,Gammaproteobacteria,Pseudomonadales,Moraxellaceae,Acinetobacter
Zotu131,Bacteria,Proteobacteria,Alphaproteobacteria,Rhizobiales,Rhizobiaceae,Rhizobium
Zotu133,Bacteria,Bacteroidetes,Sphingobacteriia,Sphingobacteriales,Chitinophagaceae,Taibaiella
Zotu134,Bacteria,Proteobacteria,Alphaproteobacteria,Rhizobiales,Rhizobiaceae,Unsigned
Zotu135,Bacteria,Bacteroidetes,Sphingobacteriia,Sphingobacteriales,Chitinophagaceae,Unsigned
Zotu132,Bacteria,p:Firmicutes,Bacilli,Bacillales,Bacillaceae_1,Unsigned
Zotu137,Bacteria,Bacteroidetes,Sphingobacteriia,Sphingobacteriales,Chitinophagaceae,Chitinophaga
Zotu136,Bacteria,Proteobacteria,Betaproteobacteria,Burkholderiales,Comamonadaceae,Unsigned
Zotu138,Bacteria,Bacteroidetes,Flavobacteriia,Flavobacteriales,Flavobacteriaceae,Flavobacterium
Zotu141,Bacteria,Bacteroidetes,Sphingobacteriia,Sphingobacteriales,Chitinophagaceae,Chitinophaga
Zotu139,Bacteria,Proteobacteria,Alphaproteobacteria,Rhizobiales,Bradyrhizobiaceae,Bosea
Zotu140,Bacteria,Proteobacteria,Alphaproteobacteria,Sphingomonadales,Sphingomonadaceae,Novosphingobium
Zotu143,Bacteria,Proteobacteria,Alphaproteobacteria,Caulobacterales,Caulobacteraceae,Brevundimonas
Zotu142,Bacteria,Proteobacteria,Gammaproteobacteria,Xanthomonadales,Xanthomonadaceae,Unsigned
Zotu144,Bacteria,Proteobacteria,Alphaproteobacteria,Rhizobiales,Unsigned,Unsigned
Zotu146,Bacteria,Proteobacteria,Gammaproteobacteria,Xanthomonadales,Xanthomonadaceae,Stenotrophomonas
Zotu145,Bacteria,Proteobacteria,Alphaproteobacteria,Rhizobiales,Rhizobiaceae,Rhizobium
Zotu147,Bacteria,Bacteroidetes,Cytophagia,Cytophagales,Unsigned,Unsigned
Zotu148,Bacteria,Proteobacteria,Betaproteobacteria,Burkholderiales,Comamonadaceae,Unsigned
Zotu149,Bacteria,Actinobacteria,Actinobacteria,Actinomycetales,Streptomycetaceae,Streptomyces
Zotu150,Bacteria,Proteobacteria,Betaproteobacteria,Burkholderiales,Comamonadaceae,Unsigned
Zotu152,Bacteria,Proteobacteria,Gammaproteobacteria,Unsigned,Unsigned,Unsigned
Zotu154,Bacteria,Proteobacteria,Alphaproteobacteria,Rhizobiales,Hyphomicrobiaceae,Devosia
Zotu153,Bacteria,Proteobacteria,Alphaproteobacteria,Rhizobiales,Rhizobiaceae,Rhizobium
Zotu151,Bacteria,Proteobacteria,Alphaproteobacteria,Rhizobiales,Rhizobiaceae,Rhizobium
Zotu155,Bacteria,Proteobacteria,Alphaproteobacteria,Rhizobiales,Rhizobiaceae,Rhizobium
Zotu157,Bacteria,Bacteroidetes,Sphingobacteriia,Sphingobacteriales,Chitinophagaceae,Taibaiella
Zotu156,Bacteria,Proteobacteria,Alphaproteobacteria,Caulobacterales,Caulobacteraceae,Asticcacaulis
Zotu159,Bacteria,Proteobacteria,Gammaproteobacteria,Enterobacteriales,Enterobacteriaceae,Unsigned
Zotu158,Bacteria,Proteobacteria,Alphaproteobacteria,Rhizobiales,Unsigned,Unsigned
Zotu160,Bacteria,Proteobacteria,Alphaproteobacteria,Rhizobiales,Unsigned,Unsigned
Zotu161,Bacteria,Proteobacteria,Alphaproteobacteria,Rhizobiales,Hyphomicrobiaceae,Devosia
Zotu162,Bacteria,Proteobacteria,Betaproteobacteria,Burkholderiales,Comamonadaceae,Unsigned
Zotu163,Bacteria,Bacteroidetes,Sphingobacteriia,Sphingobacteriales,Sphingobacteriaceae,Sphingobacterium
Zotu164,Bacteria,p:Firmicutes,Bacilli,Bacillales,Bacillaceae_1,Geobacillus
Zotu165,Bacteria,Proteobacteria,Alphaproteobacteria,Rhizobiales,Rhizobiaceae,Unsigned
Zotu168,Bacteria,p:Firmicutes,Bacilli,Bacillales,Planococcaceae,Rummeliibacillus
Zotu166,Bacteria,Proteobacteria,Alphaproteobacteria,Sphingomonadales,Unsigned,Unsigned
Zotu167,Bacteria,Proteobacteria,Alphaproteobacteria,Rhodospirillales,Rhodospirillaceae,Dongia
Zotu169,Bacteria,Proteobacteria,Gammaproteobacteria,Pseudomonadales,Pseudomonadaceae,Pseudomonas
Zotu170,Bacteria,Proteobacteria,Alphaproteobacteria,Rhizobiales,Rhizobiaceae,Unsigned
Zotu171,Bacteria,Proteobacteria,Alphaproteobacteria,Rhizobiales,Unsigned,Unsigned
Zotu172,Bacteria,Proteobacteria,Betaproteobacteria,Burkholderiales,Comamonadaceae,Unsigned
Zotu173,Bacteria,Proteobacteria,Alphaproteobacteria,Caulobacterales,Caulobacteraceae,Caulobacter
Zotu174,Bacteria,Bacteroidetes,Sphingobacteriia,Sphingobacteriales,Chitinophagaceae,Unsigned
Zotu175,Bacteria,p:Firmicutes,Bacilli,Bacillales,Planococcaceae,Lysinibacillus
Zotu176,Bacteria,Proteobacteria,Alphaproteobacteria,Sphingomonadales,Unsigned,Unsigned
Zotu179,Bacteria,Unsigned,Unsigned,Unsigned,Unsigned,Unsigned
Zotu181,Bacteria,Unsigned,Unsigned,Unsigned,Unsigned,Unsigned
Zotu177,Bacteria,Bacteroidetes,Sphingobacteriia,Sphingobacteriales,Chitinophagaceae,Chitinophaga
Zotu182,Bacteria,Proteobacteria,Alphaproteobacteria,Rhizobiales,Phyllobacteriaceae,Mesorhizobium
Zotu180,Bacteria,p:Firmicutes,Bacilli,Bacillales,Paenibacillaceae_1,Paenibacillus
Zotu178,Bacteria,Proteobacteria,Gammaproteobacteria,Pseudomonadales,Moraxellaceae,Acinetobacter
Zotu183,Bacteria,Bacteroidetes,Flavobacteriia,Flavobacteriales,Flavobacteriaceae,Flavobacterium
Zotu188,Bacteria,Bacteroidetes,Sphingobacteriia,Sphingobacteriales,Chitinophagaceae,Unsigned
Zotu187,Bacteria,Bacteroidetes,Sphingobacteriia,Sphingobacteriales,Chitinophagaceae,Chitinophaga
Zotu186,Bacteria,Proteobacteria,Alphaproteobacteria,Rhizobiales,Bradyrhizobiaceae,Bosea
Zotu184,Bacteria,Proteobacteria,Gammaproteobacteria,Enterobacteriales,Enterobacteriaceae,Unsigned
Zotu185,Bacteria,Proteobacteria,Alphaproteobacteria,Rhizobiales,Hyphomicrobiaceae,Hyphomicrobium
Zotu189,Bacteria,Proteobacteria,Alphaproteobacteria,Sphingomonadales,Sphingomonadaceae,Sphingomonas
Zotu190,Bacteria,Proteobacteria,Alphaproteobacteria,Rhizobiales,Hyphomicrobiaceae,Devosia
Zotu192,Bacteria,Bacteroidetes,Flavobacteriia,Flavobacteriales,Flavobacteriaceae,Flavobacterium
Zotu191,Bacteria,Proteobacteria,Alphaproteobacteria,Rhizobiales,Bradyrhizobiaceae,Unsigned
Zotu193,Bacteria,Bacteroidetes,Flavobacteriia,Flavobacteriales,Flavobacteriaceae,Flavobacterium
Zotu194,Bacteria,Bacteroidetes,Sphingobacteriia,Sphingobacteriales,Chitinophagaceae,Unsigned
Zotu198,Bacteria,Bacteroidetes,Flavobacteriia,Flavobacteriales,Flavobacteriaceae,Flavobacterium
Zotu196,Bacteria,Proteobacteria,Alphaproteobacteria,Rhizobiales,Unsigned,Unsigned
Zotu197,Bacteria,Bacteroidetes,Flavobacteriia,Flavobacteriales,Flavobacteriaceae,Flavobacterium
Zotu195,Bacteria,Proteobacteria,Alphaproteobacteria,Rhizobiales,Hyphomicrobiaceae,Devosia
Zotu199,Bacteria,Bacteroidetes,Sphingobacteriia,Sphingobacteriales,Chitinophagaceae,Chitinophaga
Zotu200,Bacteria,Proteobacteria,Gammaproteobacteria,Unsigned,Unsigned,Unsigned
Zotu202,Bacteria,Proteobacteria,Gammaproteobacteria,Xanthomonadales,Xanthomonadaceae,Unsigned
Zotu203,Bacteria,Bacteroidetes,Cytophagia,Cytophagales,Cytophagaceae,Dyadobacter
Zotu204,Bacteria,Bacteroidetes,Sphingobacteriia,Sphingobacteriales,Chitinophagaceae,Chitinophaga
Zotu201,Bacteria,Proteobacteria,Alphaproteobacteria,Sphingomonadales,Sphingomonadaceae,Sphingobium
Zotu205,Bacteria,Bacteroidetes,Sphingobacteriia,Sphingobacteriales,Sphingobacteriaceae,Sphingobacterium
Zotu206,Bacteria,Proteobacteria,Betaproteobacteria,Burkholderiales,Comamonadaceae,Unsigned
Zotu210,Bacteria,Bacteroidetes,Cytophagia,Cytophagales,Cyclobacteriaceae,Algoriphagus
Zotu208,Bacteria,Proteobacteria,Gammaproteobacteria,Pseudomonadales,Pseudomonadaceae,Pseudomonas
Zotu209,Bacteria,Bacteroidetes,Cytophagia,Cytophagales,Ohtaekwangia,Unsigned
Zotu207,Bacteria,Proteobacteria,Alphaproteobacteria,Rhizobiales,Hyphomicrobiaceae,Hyphomicrobium
Zotu211,Bacteria,Proteobacteria,Alphaproteobacteria,Rhizobiales,Unsigned,Unsigned
Zotu213,Bacteria,Proteobacteria,Betaproteobacteria,Burkholderiales,Comamonadaceae,Unsigned
Zotu212,Bacteria,Proteobacteria,Alphaproteobacteria,Rhizobiales,Hyphomicrobiaceae,Hyphomicrobium
Zotu216,Bacteria,Bacteroidetes,Sphingobacteriia,Sphingobacteriales,Chitinophagaceae,Unsigned
Zotu214,Bacteria,Proteobacteria,Alphaproteobacteria,Rhizobiales,Hyphomicrobiaceae,Hyphomicrobium
Zotu215,Bacteria,p:Firmicutes,Bacilli,Bacillales,Bacillaceae_1,Bacillus
Zotu217,Bacteria,Proteobacteria,Unsigned,Unsigned,Unsigned,Unsigned
Zotu220,Bacteria,Bacteroidetes,Cytophagia,Cytophagales,Unsigned,Unsigned
Zotu222,Bacteria,Bacteroidetes,Flavobacteriia,Flavobacteriales,Flavobacteriaceae,Chryseobacterium
Zotu218,Bacteria,Proteobacteria,Alphaproteobacteria,Rhodospirillales,Rhodospirillaceae,Dongia
Zotu219,Bacteria,Actinobacteria,Actinobacteria,Actinomycetales,Streptomycetaceae,Streptomyces
Zotu221,Bacteria,Proteobacteria,Alphaproteobacteria,Rhizobiales,Rhizobiaceae,Rhizobium
Zotu224,Bacteria,Proteobacteria,Alphaproteobacteria,Rhizobiales,Unsigned,Unsigned
Zotu223,Bacteria,Proteobacteria,Alphaproteobacteria,Rhizobiales,Rhizobiaceae,Rhizobium
Zotu225,Bacteria,Proteobacteria,Alphaproteobacteria,Rhizobiales,Unsigned,Unsigned
Zotu227,Bacteria,Bacteroidetes,Flavobacteriia,Flavobacteriales,Flavobacteriaceae,Flavobacterium
Zotu226,Bacteria,Proteobacteria,Gammaproteobacteria,Unsigned,Unsigned,Unsigned
Zotu229,Bacteria,Actinobacteria,Actinobacteria,Actinomycetales,Streptomycetaceae,Streptomyces
Zotu230,Bacteria,Bacteroidetes,Cytophagia,Cytophagales,Cytophagaceae,Dyadobacter
Zotu228,Bacteria,Proteobacteria,Alphaproteobacteria,Rhizobiales,Rhizobiaceae,Unsigned
Zotu232,Bacteria,Bacteroidetes,Flavobacteriia,Flavobacteriales,Flavobacteriaceae,Unsigned
Zotu231,Bacteria,Proteobacteria,Betaproteobacteria,Burkholderiales,Comamonadaceae,Variovorax
Zotu233,Bacteria,Proteobacteria,Gammaproteobacteria,Pseudomonadales,Pseudomonadaceae,Pseudomonas
Zotu234,Bacteria,Proteobacteria,Alphaproteobacteria,Rhizobiales,Hyphomicrobiaceae,Devosia
Zotu237,Bacteria,Bacteroidetes,Sphingobacteriia,Sphingobacteriales,Sphingobacteriaceae,Sphingobacterium
Zotu236,Bacteria,Proteobacteria,Gammaproteobacteria,Xanthomonadales,Xanthomonadaceae,Unsigned
Zotu235,Bacteria,Proteobacteria,Alphaproteobacteria,Rhizobiales,Hyphomicrobiaceae,Devosia
Zotu238,Bacteria,Proteobacteria,Alphaproteobacteria,Rhizobiales,Unsigned,Unsigned
Zotu239,Bacteria,Proteobacteria,Unsigned,Unsigned,Unsigned,Unsigned
Zotu240,Bacteria,Bacteroidetes,Sphingobacteriia,Sphingobacteriales,Chitinophagaceae,Chitinophaga
Zotu241,Bacteria,Proteobacteria,Alphaproteobacteria,Rhizobiales,Bradyrhizobiaceae,Unsigned
Zotu243,Bacteria,Proteobacteria,Alphaproteobacteria,Rhizobiales,Hyphomicrobiaceae,Devosia
Zotu242,Bacteria,Proteobacteria,Alphaproteobacteria,Rhizobiales,Unsigned,Unsigned
Zotu246,Bacteria,Bacteroidetes,Cytophagia,Cytophagales,Cytophagaceae,Dyadobacter
Zotu245,Bacteria,Proteobacteria,Gammaproteobacteria,Xanthomonadales,Xanthomonadaceae,Unsigned
Zotu244,Bacteria,Proteobacteria,Alphaproteobacteria,Rhizobiales,Bradyrhizobiaceae,Bradyrhizobium
Zotu248,Bacteria,Proteobacteria,Gammaproteobacteria,Xanthomonadales,Xanthomonadaceae,Unsigned
Zotu247,Bacteria,Proteobacteria,Alphaproteobacteria,Rhizobiales,Hyphomicrobiaceae,Devosia
Zotu250,Bacteria,Bacteroidetes,Sphingobacteriia,Sphingobacteriales,Chitinophagaceae,Unsigned
Zotu249,Bacteria,Proteobacteria,Alphaproteobacteria,Rhizobiales,Unsigned,Unsigned
Zotu251,Bacteria,Proteobacteria,Alphaproteobacteria,Sphingomonadales,Sphingomonadaceae,Sphingobium
Zotu252,Bacteria,Proteobacteria,Alphaproteobacteria,Rhizobiales,Hyphomicrobiaceae,Devosia
Zotu254,Bacteria,Bacteroidetes,Flavobacteriia,Flavobacteriales,Flavobacteriaceae,Flavobacterium
Zotu255,Bacteria,Bacteroidetes,Flavobacteriia,Flavobacteriales,Flavobacteriaceae,Flavobacterium
Zotu253,Bacteria,Proteobacteria,Alphaproteobacteria,Rhizobiales,Hyphomicrobiaceae,Unsigned
Zotu256,Bacteria,Proteobacteria,Alphaproteobacteria,Rhizobiales,Rhizobiaceae,Rhizobium
Zotu257,Bacteria,Proteobacteria,Betaproteobacteria,Burkholderiales,Comamonadaceae,Unsigned
Zotu261,Bacteria,Proteobacteria,Alphaproteobacteria,Rhizobiales,Hyphomicrobiaceae,Unsigned
Zotu260,Bacteria,p:Firmicutes,Bacilli,Bacillales,Thermoactinomycetaceae_1,Unsigned
Zotu262,Bacteria,Proteobacteria,Alphaproteobacteria,Rhizobiales,Hyphomicrobiaceae,Devosia
Zotu259,Bacteria,Proteobacteria,Gammaproteobacteria,Xanthomonadales,Xanthomonadaceae,Dyella
Zotu258,Bacteria,Proteobacteria,Alphaproteobacteria,Unsigned,Unsigned,Unsigned
Zotu263,Bacteria,Proteobacteria,Alphaproteobacteria,Rhizobiales,Unsigned,Unsigned
Zotu264,Bacteria,Bacteroidetes,Flavobacteriia,Flavobacteriales,Flavobacteriaceae,Flavobacterium
Zotu265,Bacteria,Bacteroidetes,Sphingobacteriia,Sphingobacteriales,Sphingobacteriaceae,Mucilaginibacter
Zotu267,Bacteria,Proteobacteria,Alphaproteobacteria,Rhizobiales,Phyllobacteriaceae,Unsigned
Zotu266,Bacteria,Proteobacteria,Gammaproteobacteria,Xanthomonadales,Xanthomonadaceae,Pseudoxanthomonas
Zotu269,Bacteria,Bacteroidetes,Flavobacteriia,Flavobacteriales,Flavobacteriaceae,Flavobacterium
Zotu270,Bacteria,Proteobacteria,Alphaproteobacteria,Rhizobiales,Rhizobiaceae,Unsigned
Zotu273,Bacteria,Proteobacteria,Gammaproteobacteria,Xanthomonadales,Xanthomonadaceae,Unsigned
Zotu268,Bacteria,Proteobacteria,Alphaproteobacteria,Rhizobiales,Hyphomicrobiaceae,Devosia
Zotu274,Bacteria,Bacteroidetes,Flavobacteriia,Flavobacteriales,Cryomorphaceae,Fluviicola
Zotu271,Bacteria,Proteobacteria,Unsigned,Unsigned,Unsigned,Unsigned
Zotu272,Bacteria,Actinobacteria,Actinobacteria,Actinomycetales,Streptomycetaceae,Streptomyces
Zotu276,Bacteria,Proteobacteria,Alphaproteobacteria,Unsigned,Unsigned,Unsigned
Zotu275,Bacteria,Proteobacteria,Betaproteobacteria,Burkholderiales,Comamonadaceae,Pseudorhodoferax
Zotu277,Bacteria,Bacteroidetes,Sphingobacteriia,Sphingobacteriales,Chitinophagaceae,Unsigned
Zotu280,Bacteria,Bacteroidetes,Sphingobacteriia,Sphingobacteriales,Chitinophagaceae,Chitinophaga
Zotu279,Bacteria,Proteobacteria,Gammaproteobacteria,Pseudomonadales,Unsigned,Unsigned
Zotu278,Bacteria,Proteobacteria,Gammaproteobacteria,Unsigned,Unsigned,Unsigned
Zotu281,Bacteria,Actinobacteria,Actinobacteria,Actinomycetales,Streptomycetaceae,Streptomyces
Zotu282,Bacteria,Proteobacteria,Alphaproteobacteria,Rhodospirillales,Rhodospirillaceae,Dongia
Zotu283,Bacteria,Proteobacteria,Alphaproteobacteria,Rhizobiales,Rhizobiaceae,Rhizobium
Zotu284,Bacteria,Proteobacteria,Alphaproteobacteria,Caulobacterales,Caulobacteraceae,Caulobacter
Zotu285,Bacteria,Proteobacteria,Alphaproteobacteria,Rhizobiales,Bradyrhizobiaceae,Unsigned
Zotu287,Bacteria,Proteobacteria,Alphaproteobacteria,Rhizobiales,Hyphomicrobiaceae,Devosia
Zotu289,Bacteria,Bacteroidetes,Flavobacteriia,Flavobacteriales,Flavobacteriaceae,Unsigned
Zotu286,Bacteria,Proteobacteria,Gammaproteobacteria,Unsigned,Unsigned,Unsigned
Zotu288,Bacteria,Proteobacteria,Alphaproteobacteria,Rhizobiales,Rhizobiaceae,Unsigned
Zotu290,Bacteria,Bacteroidetes,Cytophagia,Cytophagales,Cyclobacteriaceae,Algoriphagus
Zotu291,Bacteria,Proteobacteria,Gammaproteobacteria,Xanthomonadales,Xanthomonadaceae,Unsigned
Zotu292,Bacteria,Proteobacteria,Betaproteobacteria,Burkholderiales,Comamonadaceae,Xenophilus
Zotu295,Bacteria,Proteobacteria,Betaproteobacteria,Burkholderiales,Comamonadaceae,Unsigned
Zotu296,Bacteria,Unsigned,Unsigned,Unsigned,Unsigned,Unsigned
Zotu293,Bacteria,Proteobacteria,Gammaproteobacteria,Unsigned,Unsigned,Unsigned
Zotu294,Bacteria,p:Firmicutes,Bacilli,Bacillales,Paenibacillaceae_2,Aneurinibacillus
Zotu297,Bacteria,Proteobacteria,Alphaproteobacteria,Rhizobiales,Unsigned,Unsigned
Zotu298,Bacteria,Bacteroidetes,Flavobacteriia,Flavobacteriales,Flavobacteriaceae,Flavobacterium
Zotu299,Bacteria,p:Firmicutes,Bacilli,Bacillales,Bacillaceae_1,Unsigned
Zotu300,Bacteria,Bacteroidetes,Flavobacteriia,Flavobacteriales,Flavobacteriaceae,Flavobacterium
Zotu301,Bacteria,Proteobacteria,Gammaproteobacteria,Pseudomonadales,Pseudomonadaceae,Pseudomonas
Zotu302,Bacteria,Proteobacteria,Gammaproteobacteria,Xanthomonadales,Xanthomonadaceae,Unsigned
Zotu303,Bacteria,Proteobacteria,Alphaproteobacteria,Rhizobiales,Rhizobiaceae,Unsigned
Zotu304,Bacteria,Bacteroidetes,Flavobacteriia,Flavobacteriales,Flavobacteriaceae,Flavobacterium
Zotu307,Bacteria,Proteobacteria,Alphaproteobacteria,Rhizobiales,Hyphomicrobiaceae,Devosia
Zotu305,Bacteria,p:Firmicutes,Bacilli,Bacillales,Unsigned,Unsigned
Zotu309,Bacteria,Proteobacteria,Alphaproteobacteria,Rhizobiales,Hyphomicrobiaceae,Devosia
Zotu306,Bacteria,p:Firmicutes,Clostridia,Unsigned,Unsigned,Unsigned
Zotu310,Bacteria,Proteobacteria,Alphaproteobacteria,Unsigned,Unsigned,Unsigned
Zotu308,Bacteria,p:Firmicutes,Bacilli,Bacillales,Bacillaceae_1,Unsigned
Zotu312,Bacteria,Bacteroidetes,Sphingobacteriia,Sphingobacteriales,Chitinophagaceae,Unsigned
Zotu313,Bacteria,Bacteroidetes,Cytophagia,Cytophagales,Cytophagaceae,Dyadobacter
Zotu311,Bacteria,Proteobacteria,Betaproteobacteria,Burkholderiales,Comamonadaceae,Unsigned
Zotu314,Bacteria,p:Firmicutes,Bacilli,Bacillales,Bacillaceae_1,Bacillus
Zotu315,Bacteria,p:Firmicutes,Bacilli,Bacillales,Bacillaceae_1,Bacillus
Zotu317,Bacteria,Proteobacteria,Betaproteobacteria,Burkholderiales,Unsigned,Unsigned
Zotu316,Bacteria,Proteobacteria,Alphaproteobacteria,Rhizobiales,Rhizobiaceae,Rhizobium
Zotu319,Bacteria,Proteobacteria,Gammaproteobacteria,Legionellales,Coxiellaceae,Aquicella
Zotu318,Bacteria,Proteobacteria,Alphaproteobacteria,Rhizobiales,Rhizobiaceae,Rhizobium
Zotu322,Bacteria,Proteobacteria,Alphaproteobacteria,Rhizobiales,Bradyrhizobiaceae,Bosea
Zotu321,Bacteria,Proteobacteria,Alphaproteobacteria,Unsigned,Unsigned,Unsigned
Zotu320,Bacteria,Actinobacteria,Actinobacteria,Actinomycetales,Streptomycetaceae,Streptomyces
Zotu323,Bacteria,Proteobacteria,Alphaproteobacteria,Rhizobiales,Unsigned,Unsigned
Zotu324,Bacteria,Bacteroidetes,Cytophagia,Cytophagales,Cytophagaceae,Leadbetterella
Zotu325,Bacteria,Proteobacteria,Alphaproteobacteria,Rhizobiales,Unsigned,Unsigned
Zotu326,Bacteria,Proteobacteria,Gammaproteobacteria,Xanthomonadales,Xanthomonadaceae,Rhodanobacter
Zotu330,Bacteria,Bacteroidetes,Sphingobacteriia,Sphingobacteriales,Chitinophagaceae,Unsigned
Zotu329,Bacteria,Bacteroidetes,Sphingobacteriia,Sphingobacteriales,Chitinophagaceae,Niastella
Zotu328,Bacteria,Proteobacteria,Betaproteobacteria,Burkholderiales,Comamonadaceae,Unsigned
Zotu327,Bacteria,Proteobacteria,Alphaproteobacteria,Rhizobiales,Unsigned,Unsigned
Zotu333,Bacteria,Bacteroidetes,Sphingobacteriia,Sphingobacteriales,Chitinophagaceae,Taibaiella
Zotu332,Bacteria,Bacteroidetes,Flavobacteriia,Flavobacteriales,Cryomorphaceae,Fluviicola
Zotu331,Bacteria,Proteobacteria,Gammaproteobacteria,Pseudomonadales,Pseudomonadaceae,Cellvibrio
Zotu334,Bacteria,Proteobacteria,Alphaproteobacteria,Unsigned,Unsigned,Unsigned
Zotu335,Bacteria,Proteobacteria,Alphaproteobacteria,Rhizobiales,Hyphomicrobiaceae,Devosia
Zotu336,Bacteria,Proteobacteria,Alphaproteobacteria,Rhizobiales,Hyphomicrobiaceae,Hyphomicrobium
Zotu337,Bacteria,Proteobacteria,Alphaproteobacteria,Rhizobiales,Xanthobacteraceae,Pseudolabrys
Zotu339,Bacteria,Bacteroidetes,Flavobacteriia,Flavobacteriales,Flavobacteriaceae,Flavobacterium
Zotu338,Bacteria,Bacteroidetes,Sphingobacteriia,Sphingobacteriales,Chitinophagaceae,Unsigned
Zotu341,Bacteria,Proteobacteria,Gammaproteobacteria,Unsigned,Unsigned,Unsigned
Zotu340,Bacteria,Proteobacteria,Alphaproteobacteria,Rhizobiales,Hyphomicrobiaceae,Devosia
Zotu342,Bacteria,Bacteroidetes,Cytophagia,Cytophagales,Cytophagaceae,Dyadobacter
Zotu343,Bacteria,Proteobacteria,Alphaproteobacteria,Rhizobiales,Hyphomicrobiaceae,Devosia
Zotu344,Bacteria,Bacteroidetes,Cytophagia,Cytophagales,Unsigned,Unsigned
Zotu346,Bacteria,Bacteroidetes,Sphingobacteriia,Sphingobacteriales,Chitinophagaceae,Chitinophaga
Zotu345,Bacteria,Proteobacteria,Alphaproteobacteria,Rhizobiales,Unsigned,Unsigned
Zotu347,Bacteria,Unsigned,Unsigned,Unsigned,Unsigned,Unsigned
Zotu348,Bacteria,Actinobacteria,Actinobacteria,Actinomycetales,Streptomycetaceae,Streptomyces
Zotu350,Bacteria,Bacteroidetes,Sphingobacteriia,Sphingobacteriales,Sphingobacteriaceae,Mucilaginibacter
Zotu349,Bacteria,Proteobacteria,Alphaproteobacteria,Sphingomonadales,Sphingomonadaceae,Sphingomonas
Zotu355,Bacteria,Chlamydiae,Chlamydiia,Chlamydiales,Parachlamydiaceae,Unsigned
Zotu353,Bacteria,Proteobacteria,Alphaproteobacteria,Rhizobiales,Rhizobiaceae,Rhizobium
Zotu351,Bacteria,Proteobacteria,Unsigned,Unsigned,Unsigned,Unsigned
Zotu356,Bacteria,Bacteroidetes,Sphingobacteriia,Sphingobacteriales,Chitinophagaceae,Chitinophaga
Zotu352,Bacteria,Proteobacteria,Alphaproteobacteria,Rhizobiales,Unsigned,Unsigned
Zotu357,Bacteria,Bacteroidetes,Cytophagia,Cytophagales,Cytophagaceae,Dyadobacter
Zotu354,Bacteria,p:Firmicutes,Bacilli,Bacillales,Planococcaceae,Ureibacillus
Zotu359,Bacteria,Proteobacteria,Alphaproteobacteria,Sphingomonadales,Sphingomonadaceae,Sphingobium
Zotu358,Bacteria,Proteobacteria,Alphaproteobacteria,Rhizobiales,Bradyrhizobiaceae,Bosea
Zotu361,Bacteria,Proteobacteria,Alphaproteobacteria,Rhizobiales,Rhizobiaceae,Rhizobium
Zotu360,Bacteria,Proteobacteria,Alphaproteobacteria,Rhizobiales,Hyphomicrobiaceae,Devosia
Zotu362,Bacteria,Proteobacteria,Alphaproteobacteria,Rhizobiales,Unsigned,Unsigned
Zotu364,Bacteria,Proteobacteria,Gammaproteobacteria,Unsigned,Unsigned,Unsigned
Zotu363,Bacteria,Bacteroidetes,Cytophagia,Cytophagales,Unsigned,Unsigned
Zotu366,Bacteria,Proteobacteria,Alphaproteobacteria,Rhizobiales,Rhizobiaceae,Rhizobium
Zotu367,Bacteria,p:Firmicutes,Bacilli,Bacillales,Paenibacillaceae_2,Ammoniphilus
Zotu365,Bacteria,p:Firmicutes,Bacilli,Bacillales,Planococcaceae,Unsigned
Zotu368,Bacteria,Acidobacteria,Holophagae,Holophagales,Holophagaceae,Geothrix
Zotu370,Bacteria,Proteobacteria,Gammaproteobacteria,Pseudomonadales,Pseudomonadaceae,Pseudomonas
Zotu373,Bacteria,Proteobacteria,Betaproteobacteria,Burkholderiales,Comamonadaceae,Acidovorax
Zotu372,Bacteria,Proteobacteria,Alphaproteobacteria,Rhizobiales,Unsigned,Unsigned
Zotu375,Bacteria,Proteobacteria,Alphaproteobacteria,Unsigned,Unsigned,Unsigned
Zotu371,Bacteria,Proteobacteria,Gammaproteobacteria,Enterobacteriales,Enterobacteriaceae,Unsigned
Zotu374,Bacteria,p:Firmicutes,Bacilli,Bacillales,Thermoactinomycetaceae_2,Planifilum
Zotu377,Bacteria,Proteobacteria,Gammaproteobacteria,Legionellales,Coxiellaceae,Aquicella
Zotu376,Bacteria,Proteobacteria,Gammaproteobacteria,Xanthomonadales,Xanthomonadaceae,Unsigned
Zotu378,Bacteria,Actinobacteria,Actinobacteria,Actinomycetales,Streptomycetaceae,Streptomyces
Zotu379,Bacteria,Bacteroidetes,Flavobacteriia,Flavobacteriales,Flavobacteriaceae,Flavobacterium
Zotu380,Bacteria,p:Firmicutes,Bacilli,Bacillales,Unsigned,Unsigned
Zotu381,Bacteria,p:Firmicutes,Bacilli,Bacillales,Paenibacillaceae_1,Brevibacillus
Zotu382,Bacteria,Proteobacteria,Alphaproteobacteria,Caulobacterales,Caulobacteraceae,Brevundimonas
Zotu383,Bacteria,Proteobacteria,Alphaproteobacteria,Caulobacterales,Caulobacteraceae,Asticcacaulis
Zotu384,Bacteria,Bacteroidetes,Sphingobacteriia,Sphingobacteriales,Sphingobacteriaceae,Sphingobacterium
Zotu386,Bacteria,Unsigned,Unsigned,Unsigned,Unsigned,Unsigned
Zotu387,Bacteria,Bacteroidetes,Sphingobacteriia,Sphingobacteriales,Chitinophagaceae,Terrimonas
Zotu385,Bacteria,p:Firmicutes,Bacilli,Bacillales,Alicyclobacillaceae,Tumebacillus
Zotu389,Bacteria,Unsigned,Unsigned,Unsigned,Unsigned,Unsigned
Zotu388,Bacteria,Bacteroidetes,Sphingobacteriia,Sphingobacteriales,Sphingobacteriaceae,Sphingobacterium
Zotu392,Bacteria,Bacteroidetes,Flavobacteriia,Flavobacteriales,Flavobacteriaceae,Flavobacterium
Zotu390,Bacteria,Proteobacteria,Betaproteobacteria,Burkholderiales,Comamonadaceae,Unsigned
Zotu391,Bacteria,p:Firmicutes,Bacilli,Bacillales,Paenibacillaceae_1,Thermobacillus
Zotu393,Bacteria,Bacteroidetes,Sphingobacteriia,Sphingobacteriales,Chitinophagaceae,Unsigned
Zotu395,Bacteria,Bacteroidetes,Sphingobacteriia,Sphingobacteriales,Chitinophagaceae,Unsigned
Zotu394,Bacteria,p:Firmicutes,Bacilli,Bacillales,Thermoactinomycetaceae_2,Planifilum
Zotu396,Bacteria,Proteobacteria,Alphaproteobacteria,Rhizobiales,Hyphomicrobiaceae,Hyphomicrobium
Zotu397,Bacteria,p:Firmicutes,Bacilli,Bacillales,Planococcaceae,Ureibacillus
Zotu399,Bacteria,Proteobacteria,Alphaproteobacteria,Rhizobiales,Rhizobiaceae,Rhizobium
Zotu398,Bacteria,Proteobacteria,Alphaproteobacteria,Rhizobiales,Hyphomicrobiaceae,Hyphomicrobium
Zotu403,Bacteria,Proteobacteria,Alphaproteobacteria,Rhodospirillales,Reyranella,Unsigned
Zotu401,Bacteria,Proteobacteria,Alphaproteobacteria,Rhizobiales,Rhizobiaceae,Rhizobium
Zotu400,Bacteria,Proteobacteria,Alphaproteobacteria,Rhizobiales,Unsigned,Unsigned
Zotu402,Bacteria,Proteobacteria,Gammaproteobacteria,Enterobacteriales,Enterobacteriaceae,Unsigned
Zotu404,Bacteria,Proteobacteria,Alphaproteobacteria,Rhizobiales,Rhizobiaceae,Rhizobium
Zotu406,Bacteria,Bacteroidetes,Cytophagia,Cytophagales,Unsigned,Unsigned
Zotu405,Bacteria,Proteobacteria,Gammaproteobacteria,Aeromonadales,Aeromonadaceae,Aeromonas
Zotu408,Bacteria,Proteobacteria,Gammaproteobacteria,Unsigned,Unsigned,Unsigned
Zotu411,Bacteria,Bacteroidetes,Sphingobacteriia,Sphingobacteriales,Sphingobacteriaceae,Sphingobacterium
Zotu407,Bacteria,Proteobacteria,Alphaproteobacteria,Caulobacterales,Caulobacteraceae,Brevundimonas
Zotu410,Bacteria,Proteobacteria,Alphaproteobacteria,Sphingomonadales,Sphingomonadaceae,Novosphingobium
Zotu413,Bacteria,Proteobacteria,Alphaproteobacteria,Rhodospirillales,Reyranella,Unsigned
Zotu409,Bacteria,Proteobacteria,Alphaproteobacteria,Rhizobiales,Hyphomicrobiaceae,Hyphomicrobium
Zotu412,Bacteria,p:Firmicutes,Bacilli,Bacillales,Bacillaceae_1,Geobacillus
Zotu414,Bacteria,Proteobacteria,Alphaproteobacteria,Rhizobiales,Brucellaceae,Ochrobactrum
Zotu415,Bacteria,Proteobacteria,Alphaproteobacteria,Rhodospirillales,Rhodospirillaceae,Dongia
Zotu417,Bacteria,Proteobacteria,Gammaproteobacteria,Unsigned,Unsigned,Unsigned
Zotu416,Bacteria,Proteobacteria,Alphaproteobacteria,Rhizobiales,Unsigned,Unsigned
Zotu418,Bacteria,Proteobacteria,Alphaproteobacteria,Rhizobiales,Unsigned,Unsigned
Zotu421,Bacteria,p:Firmicutes,Bacilli,Bacillales,Paenibacillaceae_1,Paenibacillus
Zotu420,Bacteria,Proteobacteria,Gammaproteobacteria,Pseudomonadales,Pseudomonadaceae,Pseudomonas
Zotu423,Bacteria,Bacteroidetes,Cytophagia,Cytophagales,Cytophagaceae,Dyadobacter
Zotu419,Bacteria,Proteobacteria,Alphaproteobacteria,Rhizobiales,Bradyrhizobiaceae,Bradyrhizobium
Zotu424,Bacteria,Proteobacteria,Gammaproteobacteria,Legionellales,Coxiellaceae,Unsigned
Zotu426,Bacteria,Proteobacteria,Gammaproteobacteria,Chromatiales,Chromatiaceae,Rheinheimera
Zotu425,Bacteria,p:Firmicutes,Bacilli,Bacillales,Paenibacillaceae_1,Paenibacillus
Zotu428,Bacteria,Proteobacteria,Alphaproteobacteria,Rhizobiales,Unsigned,Unsigned
Zotu429,Bacteria,Proteobacteria,Alphaproteobacteria,Rhizobiales,Xanthobacteraceae,Pseudolabrys
Zotu430,Bacteria,Proteobacteria,Alphaproteobacteria,Caulobacterales,Hyphomonadaceae,Hyphomonas
Zotu427,Bacteria,Proteobacteria,Alphaproteobacteria,Rhizobiales,Hyphomicrobiaceae,Hyphomicrobium
Zotu431,Bacteria,Acidobacteria,Acidobacteria_Gp1,Gp1,Unsigned,Unsigned
Zotu432,Bacteria,Proteobacteria,Alphaproteobacteria,Caulobacterales,Caulobacteraceae,Brevundimonas
Zotu433,Bacteria,Proteobacteria,Alphaproteobacteria,Caulobacterales,Caulobacteraceae,Unsigned
Zotu434,Bacteria,Proteobacteria,Alphaproteobacteria,Sphingomonadales,Unsigned,Unsigned
Zotu435,Bacteria,Acidobacteria,Acidobacteria_Gp1,Unsigned,Unsigned,Unsigned
Zotu437,Bacteria,Proteobacteria,Unsigned,Unsigned,Unsigned,Unsigned
Zotu436,Bacteria,Proteobacteria,Gammaproteobacteria,Pseudomonadales,Pseudomonadaceae,Unsigned
Zotu438,Bacteria,Proteobacteria,Alphaproteobacteria,Rhizobiales,Hyphomicrobiaceae,Devosia
Zotu442,Bacteria,Bacteroidetes,Flavobacteriia,Flavobacteriales,Flavobacteriaceae,Flavobacterium
Zotu441,Bacteria,p:Firmicutes,Bacilli,Bacillales,Paenibacillaceae_1,Paenibacillus
Zotu443,Bacteria,Bacteroidetes,Flavobacteriia,Flavobacteriales,Flavobacteriaceae,Unsigned
Zotu444,Bacteria,Proteobacteria,Gammaproteobacteria,Xanthomonadales,Xanthomonadaceae,Unsigned
Zotu447,Bacteria,Bacteroidetes,Sphingobacteriia,Sphingobacteriales,Chitinophagaceae,Unsigned
Zotu449,Bacteria,Bacteroidetes,Sphingobacteriia,Sphingobacteriales,Chitinophagaceae,Unsigned
Zotu446,Bacteria,Proteobacteria,Alphaproteobacteria,Rhizobiales,Rhizobiaceae,Rhizobium
Zotu445,Bacteria,Proteobacteria,Alphaproteobacteria,Rhizobiales,Hyphomicrobiaceae,Devosia
Zotu450,Bacteria,Bacteroidetes,Sphingobacteriia,Sphingobacteriales,Chitinophagaceae,Unsigned
Zotu448,Bacteria,p:Firmicutes,Bacilli,Bacillales,Paenibacillaceae_1,Paenibacillus
Zotu451,Bacteria,Bacteroidetes,Sphingobacteriia,Sphingobacteriales,Sphingobacteriaceae,Sphingobacterium
Zotu453,Bacteria,Proteobacteria,Alphaproteobacteria,Rhizobiales,Rhizobiaceae,Unsigned
Zotu452,Bacteria,Proteobacteria,Alphaproteobacteria,Rhizobiales,Unsigned,Unsigned
Zotu454,Bacteria,Proteobacteria,Alphaproteobacteria,Sphingomonadales,Sphingomonadaceae,Sphingobium
Zotu458,Bacteria,Unsigned,Unsigned,Unsigned,Unsigned,Unsigned
Zotu456,Bacteria,Proteobacteria,Betaproteobacteria,Burkholderiales,Comamonadaceae,Acidovorax
Zotu457,Bacteria,Acidobacteria,Acidobacteria_Gp10,Gp10,Unsigned,Unsigned
Zotu459,Bacteria,Bacteroidetes,Flavobacteriia,Flavobacteriales,Flavobacteriaceae,Flavobacterium
Zotu455,Bacteria,Proteobacteria,Alphaproteobacteria,Sphingomonadales,Sphingomonadaceae,Novosphingobium
Zotu460,Bacteria,Actinobacteria,Actinobacteria,Actinomycetales,Streptomycetaceae,Streptomyces
Zotu462,Bacteria,Bacteroidetes,Cytophagia,Cytophagales,Unsigned,Unsigned
Zotu461,Bacteria,Proteobacteria,Alphaproteobacteria,Rhizobiales,Bradyrhizobiaceae,Unsigned
Zotu463,Bacteria,Bacteroidetes,Sphingobacteriia,Sphingobacteriales,Sphingobacteriaceae,Pedobacter
Zotu466,Bacteria,Bacteroidetes,Flavobacteriia,Flavobacteriales,Flavobacteriaceae,Flavobacterium
Zotu464,Bacteria,Actinobacteria,Actinobacteria,Actinomycetales,Streptomycetaceae,Streptomyces
Zotu465,Bacteria,Proteobacteria,Alphaproteobacteria,Rhizobiales,Hyphomicrobiaceae,Hyphomicrobium
Zotu467,Bacteria,Proteobacteria,Alphaproteobacteria,Rhizobiales,Hyphomicrobiaceae,Pedomicrobium
Zotu468,Bacteria,Proteobacteria,Alphaproteobacteria,Unsigned,Unsigned,Unsigned
Zotu469,Bacteria,Proteobacteria,Alphaproteobacteria,Rhizobiales,Phyllobacteriaceae,Mesorhizobium
Zotu470,Bacteria,Spirochaetes,Spirochaetia,Unsigned,Unsigned,Unsigned
Zotu471,Bacteria,Proteobacteria,Alphaproteobacteria,Rhizobiales,Bradyrhizobiaceae,Bradyrhizobium
Zotu472,Bacteria,Proteobacteria,Alphaproteobacteria,Rhizobiales,Unsigned,Unsigned
Zotu474,Bacteria,Proteobacteria,Alphaproteobacteria,Caulobacterales,Caulobacteraceae,Brevundimonas
Zotu473,Bacteria,Proteobacteria,Alphaproteobacteria,Rhizobiales,Rhizobiaceae,Rhizobium
Zotu475,Bacteria,p:Firmicutes,Bacilli,Bacillales,Planococcaceae,Ureibacillus
Zotu476,Bacteria,Proteobacteria,Alphaproteobacteria,Rhizobiales,Unsigned,Unsigned
Zotu479,Bacteria,Bacteroidetes,Flavobacteriia,Flavobacteriales,Flavobacteriaceae,Flavobacterium
Zotu477,Bacteria,Proteobacteria,Alphaproteobacteria,Rhizobiales,Hyphomicrobiaceae,Hyphomicrobium
Zotu478,Bacteria,Proteobacteria,Alphaproteobacteria,Rhizobiales,Bradyrhizobiaceae,Afipia
Zotu480,Bacteria,Proteobacteria,Alphaproteobacteria,Rhizobiales,Rhizobiaceae,Rhizobium
Zotu482,Bacteria,Bacteroidetes,Sphingobacteriia,Sphingobacteriales,Chitinophagaceae,Chitinophaga
Zotu481,Bacteria,Proteobacteria,Alphaproteobacteria,Rhizobiales,Hyphomicrobiaceae,Devosia
Zotu485,Bacteria,Bacteroidetes,Sphingobacteriia,Sphingobacteriales,Chitinophagaceae,Chitinophaga
Zotu484,Bacteria,Bacteroidetes,Sphingobacteriia,Sphingobacteriales,Chitinophagaceae,Unsigned
Zotu483,Bacteria,Proteobacteria,Gammaproteobacteria,Xanthomonadales,Xanthomonadaceae,Unsigned
Zotu486,Bacteria,Bacteroidetes,Sphingobacteriia,Sphingobacteriales,Sphingobacteriaceae,Sphingobacterium
Zotu488,Bacteria,Proteobacteria,Alphaproteobacteria,Rhizobiales,Bradyrhizobiaceae,Unsigned
Zotu490,Bacteria,Proteobacteria,Gammaproteobacteria,Legionellales,Coxiellaceae,Aquicella
Zotu487,Bacteria,Proteobacteria,Alphaproteobacteria,Caulobacterales,Caulobacteraceae,Brevundimonas
Zotu489,Bacteria,Proteobacteria,Alphaproteobacteria,Alphaproteobacteria_incertae_sedis,Rhizomicrobium,Unsigned
Zotu492,Bacteria,Proteobacteria,Alphaproteobacteria,Rhizobiales,Xanthobacteraceae,Labrys
Zotu494,Bacteria,Proteobacteria,Alphaproteobacteria,Rhizobiales,Hyphomicrobiaceae,Devosia
Zotu497,Bacteria,Proteobacteria,Alphaproteobacteria,Rhizobiales,Rhizobiaceae,Rhizobium
Zotu498,Bacteria,Bacteroidetes,Flavobacteriia,Flavobacteriales,Flavobacteriaceae,Unsigned
Zotu500,Bacteria,Bacteroidetes,Sphingobacteriia,Sphingobacteriales,Chitinophagaceae,Unsigned
Zotu496,Bacteria,Proteobacteria,Gammaproteobacteria,Xanthomonadales,Xanthomonadaceae,Stenotrophomonas
Zotu493,Bacteria,Proteobacteria,Alphaproteobacteria,Rhizobiales,Unsigned,Unsigned
Zotu495,Bacteria,p:Firmicutes,Bacilli,Bacillales,Thermoactinomycetaceae_2,Planifilum
Zotu499,Bacteria,Proteobacteria,Alphaproteobacteria,Sphingomonadales,Sphingomonadaceae,Sphingomonas
Zotu501,Bacteria,Proteobacteria,Alphaproteobacteria,Caulobacterales,Caulobacteraceae,Phenylobacterium
Zotu503,Bacteria,Bacteroidetes,Sphingobacteriia,Sphingobacteriales,Chitinophagaceae,Taibaiella
Zotu505,Bacteria,Bacteroidetes,Sphingobacteriia,Sphingobacteriales,Chitinophagaceae,Unsigned
Zotu502,Bacteria,Bacteroidetes,Cytophagia,Cytophagales,Unsigned,Unsigned
Zotu507,Bacteria,Bacteroidetes,Sphingobacteriia,Sphingobacteriales,Sphingobacteriaceae,Sphingobacterium
Zotu504,Bacteria,Proteobacteria,Alphaproteobacteria,Rhizobiales,Unsigned,Unsigned
Zotu506,Bacteria,Proteobacteria,Alphaproteobacteria,Rhizobiales,Rhizobiaceae,Rhizobium
Zotu508,Bacteria,Bacteroidetes,Sphingobacteriia,Sphingobacteriales,Sphingobacteriaceae,Sphingobacterium
Zotu510,Bacteria,Proteobacteria,Betaproteobacteria,Burkholderiales,Comamonadaceae,Unsigned
Zotu511,Bacteria,p:Firmicutes,Bacilli,Bacillales,Paenibacillaceae_1,Brevibacillus
Zotu512,Bacteria,Bacteroidetes,Sphingobacteriia,Sphingobacteriales,Chitinophagaceae,Unsigned
Zotu513,Bacteria,Proteobacteria,Gammaproteobacteria,Legionellales,Coxiellaceae,Aquicella
Zotu516,Bacteria,Proteobacteria,Betaproteobacteria,Burkholderiales,Unsigned,Unsigned
Zotu515,Bacteria,Proteobacteria,Alphaproteobacteria,Rhizobiales,Unsigned,Unsigned
Zotu517,Bacteria,Proteobacteria,Alphaproteobacteria,Caulobacterales,Caulobacteraceae,Brevundimonas
Zotu514,Bacteria,Proteobacteria,Betaproteobacteria,Burkholderiales,Burkholderiales_incertae_sedis,Unsigned
Zotu519,Bacteria,Bacteroidetes,Cytophagia,Cytophagales,Unsigned,Unsigned
Zotu518,Bacteria,Proteobacteria,Deltaproteobacteria,Unsigned,Unsigned,Unsigned
Zotu520,Bacteria,Proteobacteria,Gammaproteobacteria,Unsigned,Unsigned,Unsigned
Zotu522,Bacteria,p:Firmicutes,Bacilli,Bacillales,Paenibacillaceae_1,Paenibacillus
Zotu523,Bacteria,p:Candidatus_Saccharibacteria,Saccharibacteria_genera_incertae_sedis,Unsigned,Unsigned,Unsigned
Zotu524,Bacteria,Bacteroidetes,Sphingobacteriia,Sphingobacteriales,Chitinophagaceae,Chitinophaga
Zotu525,Bacteria,Proteobacteria,Betaproteobacteria,Burkholderiales,Unsigned,Unsigned
Zotu526,Bacteria,p:Firmicutes,Bacilli,Bacillales,Bacillaceae_1,Bacillus
Zotu529,Bacteria,Proteobacteria,Alphaproteobacteria,Sphingomonadales,Sphingomonadaceae,Unsigned
Zotu531,Bacteria,p:Firmicutes,Clostridia,Clostridiales,Clostridiales_Incertae_Sedis_XVIII,Symbiobacterium
Zotu527,Bacteria,Proteobacteria,Alphaproteobacteria,Caulobacterales,Caulobacteraceae,Caulobacter
Zotu528,Bacteria,Proteobacteria,Alphaproteobacteria,Rhizobiales,Unsigned,Unsigned
Zotu530,Bacteria,Proteobacteria,Gammaproteobacteria,Pseudomonadales,Moraxellaceae,Acinetobacter
Zotu533,Bacteria,Bacteroidetes,Flavobacteriia,Flavobacteriales,Flavobacteriaceae,Flavobacterium
Zotu532,Bacteria,Proteobacteria,Alphaproteobacteria,Caulobacterales,Caulobacteraceae,Caulobacter
Zotu534,Bacteria,Proteobacteria,Betaproteobacteria,Burkholderiales,Comamonadaceae,Unsigned
Zotu535,Bacteria,Proteobacteria,Gammaproteobacteria,Pseudomonadales,Moraxellaceae,Acinetobacter
Zotu537,Bacteria,Bacteroidetes,Sphingobacteriia,Sphingobacteriales,Chitinophagaceae,Unsigned
Zotu536,Bacteria,Proteobacteria,Alphaproteobacteria,Rhizobiales,Rhizobiaceae,Rhizobium
Zotu538,Bacteria,p:Firmicutes,Bacilli,Bacillales,Planococcaceae,Ureibacillus
Zotu539,Bacteria,Proteobacteria,Alphaproteobacteria,Caulobacterales,Caulobacteraceae,Unsigned
Zotu541,Bacteria,Proteobacteria,Betaproteobacteria,Burkholderiales,Unsigned,Unsigned
Zotu540,Bacteria,Proteobacteria,Alphaproteobacteria,Caulobacterales,Caulobacteraceae,Unsigned
Zotu542,Bacteria,Proteobacteria,Alphaproteobacteria,Rhizobiales,Rhizobiaceae,Shinella
Zotu543,Bacteria,Proteobacteria,Alphaproteobacteria,Rhizobiales,Rhizobiaceae,Unsigned
Zotu544,Bacteria,Proteobacteria,Gammaproteobacteria,Unsigned,Unsigned,Unsigned
Zotu546,Bacteria,Bacteroidetes,Sphingobacteriia,Sphingobacteriales,Chitinophagaceae,Unsigned
Zotu545,Bacteria,Proteobacteria,Alphaproteobacteria,Caulobacterales,Caulobacteraceae,Caulobacter
Zotu547,Bacteria,p:Firmicutes,Bacilli,Bacillales,Unsigned,Unsigned
Zotu548,Bacteria,Proteobacteria,Alphaproteobacteria,Unsigned,Unsigned,Unsigned
Zotu549,Bacteria,Bacteroidetes,Sphingobacteriia,Sphingobacteriales,Sphingobacteriaceae,Mucilaginibacter
Zotu550,Bacteria,Bacteroidetes,Flavobacteriia,Flavobacteriales,Flavobacteriaceae,Flavobacterium
Zotu553,Bacteria,Bacteroidetes,Sphingobacteriia,Sphingobacteriales,Sphingobacteriaceae,Pedobacter
Zotu551,Bacteria,Proteobacteria,Gammaproteobacteria,Xanthomonadales,Xanthomonadaceae,Unsigned
Zotu554,Bacteria,Bacteroidetes,Flavobacteriia,Flavobacteriales,Flavobacteriaceae,Flavobacterium
Zotu552,Bacteria,Proteobacteria,Alphaproteobacteria,Rhizobiales,Rhizobiaceae,Rhizobium
Zotu555,Bacteria,Proteobacteria,Alphaproteobacteria,Rhizobiales,Rhodobiaceae,Unsigned
Zotu556,Bacteria,p:Firmicutes,Unsigned,Unsigned,Unsigned,Unsigned
Zotu558,Bacteria,Unsigned,Unsigned,Unsigned,Unsigned,Unsigned
Zotu557,Bacteria,Proteobacteria,Alphaproteobacteria,Rhizobiales,Unsigned,Unsigned
Zotu559,Bacteria,Proteobacteria,Alphaproteobacteria,Rhizobiales,Hyphomicrobiaceae,Hyphomicrobium
Zotu561,Bacteria,Proteobacteria,Gammaproteobacteria,Xanthomonadales,Xanthomonadaceae,Lysobacter
Zotu563,Bacteria,Proteobacteria,Alphaproteobacteria,Rhizobiales,Hyphomicrobiaceae,Hyphomicrobium
Zotu564,Bacteria,Proteobacteria,Alphaproteobacteria,Rhizobiales,Hyphomicrobiaceae,Hyphomicrobium
Zotu565,Bacteria,Proteobacteria,Alphaproteobacteria,Rhizobiales,Rhizobiaceae,Rhizobium
Zotu567,Bacteria,Bacteroidetes,Flavobacteriia,Flavobacteriales,Flavobacteriaceae,Flavobacterium
Zotu566,Bacteria,p:Firmicutes,Bacilli,Bacillales,Thermoactinomycetaceae_2,Planifilum
Zotu568,Bacteria,Actinobacteria,Actinobacteria,Actinomycetales,Streptomycetaceae,Streptomyces
Zotu570,Bacteria,Bacteroidetes,Sphingobacteriia,Sphingobacteriales,Chitinophagaceae,Unsigned
Zotu572,Bacteria,Proteobacteria,Alphaproteobacteria,Rhodobacterales,Rhodobacteraceae,Paracoccus
Zotu571,Bacteria,Proteobacteria,Gammaproteobacteria,Xanthomonadales,Xanthomonadaceae,Unsigned
Zotu569,Bacteria,Proteobacteria,Alphaproteobacteria,Rhodospirillales,Reyranella,Unsigned
Zotu573,Bacteria,Proteobacteria,Betaproteobacteria,Burkholderiales,Comamonadaceae,Unsigned
Zotu575,Bacteria,Proteobacteria,Alphaproteobacteria,Unsigned,Unsigned,Unsigned
Zotu574,Bacteria,p:Firmicutes,Bacilli,Bacillales,Paenibacillaceae_2,Unsigned
Zotu577,Bacteria,Proteobacteria,Deltaproteobacteria,Unsigned,Unsigned,Unsigned
Zotu576,Bacteria,Proteobacteria,Gammaproteobacteria,Xanthomonadales,Xanthomonadaceae,Unsigned
Zotu578,Bacteria,Proteobacteria,Unsigned,Unsigned,Unsigned,Unsigned
Zotu579,Bacteria,Bacteroidetes,Flavobacteriia,Flavobacteriales,Flavobacteriaceae,Flavobacterium
Zotu580,Bacteria,Unsigned,Unsigned,Unsigned,Unsigned,Unsigned
Zotu581,Bacteria,Proteobacteria,Betaproteobacteria,Burkholderiales,Comamonadaceae,Unsigned
Zotu583,Bacteria,Proteobacteria,Unsigned,Unsigned,Unsigned,Unsigned
Zotu582,Bacteria,p:Firmicutes,Bacilli,Bacillales,Paenibacillaceae_1,Paenibacillus
Zotu584,Bacteria,Proteobacteria,Betaproteobacteria,Burkholderiales,Comamonadaceae,Unsigned
Zotu585,Bacteria,Bacteroidetes,Unsigned,Unsigned,Unsigned,Unsigned
Zotu586,Bacteria,Proteobacteria,Alphaproteobacteria,Rhizobiales,Rhizobiaceae,Rhizobium
Zotu587,Bacteria,Proteobacteria,Gammaproteobacteria,Xanthomonadales,Xanthomonadaceae,Unsigned
Zotu588,Bacteria,Proteobacteria,Alphaproteobacteria,Rhizobiales,Unsigned,Unsigned
Zotu590,Bacteria,Proteobacteria,Alphaproteobacteria,Rhizobiales,Rhizobiaceae,Rhizobium
Zotu591,Bacteria,Proteobacteria,Alphaproteobacteria,Rhizobiales,Xanthobacteraceae,Pseudolabrys
Zotu592,Bacteria,Actinobacteria,Actinobacteria,Actinomycetales,Streptomycetaceae,Streptomyces
Zotu589,Bacteria,Proteobacteria,Gammaproteobacteria,Enterobacteriales,Enterobacteriaceae,Pantoea
Zotu594,Bacteria,Proteobacteria,Alphaproteobacteria,Unsigned,Unsigned,Unsigned
Zotu593,Bacteria,Proteobacteria,Alphaproteobacteria,Rhizobiales,Hyphomicrobiaceae,Hyphomicrobium
Zotu597,Bacteria,Proteobacteria,Alphaproteobacteria,Rhizobiales,Hyphomicrobiaceae,Unsigned
Zotu596,Bacteria,p:Firmicutes,Unsigned,Unsigned,Unsigned,Unsigned
Zotu595,Bacteria,Proteobacteria,Alphaproteobacteria,Rhizobiales,Hyphomicrobiaceae,Unsigned
Zotu598,Bacteria,Proteobacteria,Gammaproteobacteria,Legionellales,Legionellaceae,Legionella
Zotu600,Bacteria,Bacteroidetes,Sphingobacteriia,Sphingobacteriales,Sphingobacteriaceae,Mucilaginibacter
Zotu601,Bacteria,Proteobacteria,Alphaproteobacteria,Unsigned,Unsigned,Unsigned
Zotu602,Bacteria,Bacteroidetes,Sphingobacteriia,Sphingobacteriales,Chitinophagaceae,Unsigned
Zotu603,Bacteria,Proteobacteria,Alphaproteobacteria,Caulobacterales,Caulobacteraceae,Caulobacter
Zotu606,Bacteria,Proteobacteria,Alphaproteobacteria,Rhizobiales,Unsigned,Unsigned
Zotu605,Bacteria,Proteobacteria,Alphaproteobacteria,Rhizobiales,Hyphomicrobiaceae,Hyphomicrobium
Zotu604,Bacteria,Proteobacteria,Alphaproteobacteria,Rhizobiales,Hyphomicrobiaceae,Hyphomicrobium
Zotu608,Bacteria,Proteobacteria,Alphaproteobacteria,Rhizobiales,Unsigned,Unsigned
Zotu607,Bacteria,Proteobacteria,Alphaproteobacteria,Rhizobiales,Unsigned,Unsigned
Zotu611,Bacteria,Bacteroidetes,Sphingobacteriia,Sphingobacteriales,Chitinophagaceae,Unsigned
Zotu609,Bacteria,Proteobacteria,Alphaproteobacteria,Rhodospirillales,Unsigned,Unsigned
Zotu610,Bacteria,Proteobacteria,Alphaproteobacteria,Rhizobiales,Hyphomicrobiaceae,Hyphomicrobium
Zotu612,Bacteria,p:Firmicutes,Bacilli,Bacillales,Unsigned,Unsigned
Zotu614,Bacteria,Bacteroidetes,Flavobacteriia,Flavobacteriales,Flavobacteriaceae,Flavobacterium
Zotu613,Bacteria,Proteobacteria,Gammaproteobacteria,Xanthomonadales,Xanthomonadaceae,Dokdonella
Zotu615,Bacteria,Proteobacteria,Alphaproteobacteria,Rhizobiales,Rhizobiaceae,Ensifer
Zotu617,Bacteria,Proteobacteria,Alphaproteobacteria,Rhizobiales,Phyllobacteriaceae,Unsigned
Zotu616,Bacteria,Proteobacteria,Betaproteobacteria,Burkholderiales,Comamonadaceae,Unsigned
Zotu618,Bacteria,Proteobacteria,Gammaproteobacteria,Xanthomonadales,Xanthomonadaceae,Unsigned
Zotu619,Bacteria,p:Firmicutes,Bacilli,Bacillales,Paenibacillaceae_1,Paenibacillus
Zotu620,Bacteria,Proteobacteria,Unsigned,Unsigned,Unsigned,Unsigned
Zotu621,Bacteria,Proteobacteria,Alphaproteobacteria,Rhizobiales,Xanthobacteraceae,Pseudolabrys
Zotu623,Bacteria,Bacteroidetes,Flavobacteriia,Flavobacteriales,Flavobacteriaceae,Flavobacterium
Zotu626,Bacteria,Bacteroidetes,Cytophagia,Cytophagales,Unsigned,Unsigned
Zotu625,Bacteria,Actinobacteria,Actinobacteria,Actinomycetales,Streptomycetaceae,Streptomyces
Zotu622,Bacteria,Proteobacteria,Alphaproteobacteria,Rhizobiales,Unsigned,Unsigned
Zotu628,Bacteria,Chlamydiae,Chlamydiia,Chlamydiales,Parachlamydiaceae,Parachlamydia
Zotu627,Bacteria,Proteobacteria,Alphaproteobacteria,Rhodospirillales,Reyranella,Unsigned
Zotu631,Bacteria,Bacteroidetes,Sphingobacteriia,Sphingobacteriales,Chitinophagaceae,Terrimonas
Zotu630,Bacteria,Proteobacteria,Alphaproteobacteria,Rhizobiales,Phyllobacteriaceae,Mesorhizobium
Zotu632,Bacteria,p:Firmicutes,Clostridia,Clostridiales,Clostridiales_Incertae_Sedis_XI,Tepidimicrobium
Zotu633,Bacteria,Proteobacteria,Alphaproteobacteria,Alphaproteobacteria_incertae_sedis,Unsigned,Unsigned
Zotu634,Bacteria,Proteobacteria,Alphaproteobacteria,Caulobacterales,Caulobacteraceae,Phenylobacterium
Zotu635,Bacteria,Proteobacteria,Gammaproteobacteria,Unsigned,Unsigned,Unsigned
Zotu636,Bacteria,p:Firmicutes,Bacilli,Unsigned,Unsigned,Unsigned
Zotu638,Bacteria,Proteobacteria,Alphaproteobacteria,Rhizobiales,Hyphomicrobiaceae,Pedomicrobium
Zotu639,Bacteria,Proteobacteria,Alphaproteobacteria,Sneathiellales,Unsigned,Unsigned
Zotu637,Bacteria,p:Firmicutes,Bacilli,Bacillales,Unsigned,Unsigned
Zotu640,Bacteria,Proteobacteria,Alphaproteobacteria,Rhizobiales,Bradyrhizobiaceae,Unsigned
Zotu642,Bacteria,Proteobacteria,Alphaproteobacteria,Caulobacterales,Caulobacteraceae,Brevundimonas
Zotu643,Bacteria,Proteobacteria,Alphaproteobacteria,Rhizobiales,Hyphomicrobiaceae,Devosia
Zotu641,Bacteria,Proteobacteria,Gammaproteobacteria,Unsigned,Unsigned,Unsigned
Zotu644,Bacteria,Proteobacteria,Deltaproteobacteria,Unsigned,Unsigned,Unsigned
Zotu645,Bacteria,Proteobacteria,Deltaproteobacteria,Myxococcales,Unsigned,Unsigned
Zotu647,Bacteria,Chlamydiae,Chlamydiia,Chlamydiales,Parachlamydiaceae,Neochlamydia
Zotu646,Bacteria,Proteobacteria,Unsigned,Unsigned,Unsigned,Unsigned
Zotu648,Bacteria,Proteobacteria,Alphaproteobacteria,Rhizobiales,Hyphomicrobiaceae,Devosia
Zotu650,Bacteria,p:Firmicutes,Bacilli,Bacillales,Thermoactinomycetaceae_1,Unsigned
Zotu649,Bacteria,Proteobacteria,Alphaproteobacteria,Rhizobiales,Rhizobiaceae,Rhizobium
Zotu651,Bacteria,Proteobacteria,Alphaproteobacteria,Rhizobiales,Hyphomicrobiaceae,Devosia
Zotu652,Bacteria,Proteobacteria,Alphaproteobacteria,Rhizobiales,Rhizobiaceae,Unsigned
Zotu654,Bacteria,Bacteroidetes,Sphingobacteriia,Sphingobacteriales,Chitinophagaceae,Unsigned
Zotu653,Bacteria,Proteobacteria,Alphaproteobacteria,Unsigned,Unsigned,Unsigned
Zotu655,Bacteria,Actinobacteria,Actinobacteria,Actinomycetales,Streptomycetaceae,Streptomyces
Zotu656,Bacteria,Actinobacteria,Actinobacteria,Actinomycetales,Streptomycetaceae,Streptomyces
Zotu658,Bacteria,Proteobacteria,Gammaproteobacteria,Legionellales,Coxiellaceae,Aquicella
Zotu659,Bacteria,Proteobacteria,Deltaproteobacteria,Unsigned,Unsigned,Unsigned
Zotu657,Bacteria,Proteobacteria,Alphaproteobacteria,Rhizobiales,Hyphomicrobiaceae,Devosia
Zotu660,Bacteria,Proteobacteria,Alphaproteobacteria,Rhizobiales,Unsigned,Unsigned
Zotu662,Bacteria,Acidobacteria,Acidobacteria_Gp1,Gp1,Unsigned,Unsigned
Zotu663,Bacteria,Acidobacteria,Acidobacteria_Gp1,Gp1,Unsigned,Unsigned
Zotu661,Bacteria,Proteobacteria,Alphaproteobacteria,Rhizobiales,Unsigned,Unsigned
Zotu664,Bacteria,Acidobacteria,Acidobacteria_Gp10,Gp10,Unsigned,Unsigned
Zotu665,Bacteria,p:Firmicutes,Bacilli,Bacillales,Bacillaceae_1,Unsigned
Zotu666,Bacteria,Proteobacteria,Alphaproteobacteria,Rhizobiales,Bradyrhizobiaceae,Bosea
Zotu668,Bacteria,Proteobacteria,Alphaproteobacteria,Rhizobiales,Unsigned,Unsigned
Zotu667,Bacteria,Proteobacteria,Gammaproteobacteria,Unsigned,Unsigned,Unsigned
Zotu672,Bacteria,Bacteroidetes,Flavobacteriia,Flavobacteriales,Flavobacteriaceae,Flavobacterium
Zotu669,Bacteria,Bacteroidetes,Flavobacteriia,Flavobacteriales,Flavobacteriaceae,Unsigned
Zotu671,Bacteria,Proteobacteria,Gammaproteobacteria,Unsigned,Unsigned,Unsigned
Zotu673,Bacteria,Bacteroidetes,Sphingobacteriia,Sphingobacteriales,Sphingobacteriaceae,Sphingobacterium
Zotu670,Bacteria,Proteobacteria,Alphaproteobacteria,Caulobacterales,Caulobacteraceae,Unsigned
Zotu675,Bacteria,Bacteroidetes,Cytophagia,Unsigned,Unsigned,Unsigned
Zotu674,Bacteria,Proteobacteria,Gammaproteobacteria,Xanthomonadales,Sinobacteraceae,Unsigned
Zotu676,Bacteria,Proteobacteria,Gammaproteobacteria,Xanthomonadales,Xanthomonadaceae,Unsigned
Zotu677,Bacteria,p:Firmicutes,Bacilli,Bacillales,Planococcaceae,Rummeliibacillus
Zotu678,Bacteria,Proteobacteria,Alphaproteobacteria,Rhizobiales,Xanthobacteraceae,Pseudolabrys
Zotu679,Bacteria,Proteobacteria,Gammaproteobacteria,Unsigned,Unsigned,Unsigned
Zotu681,Bacteria,Proteobacteria,Alphaproteobacteria,Rhodospirillales,Rhodospirillaceae,Dongia
Zotu682,Bacteria,Proteobacteria,Gammaproteobacteria,Unsigned,Unsigned,Unsigned
Zotu680,Bacteria,Proteobacteria,Alphaproteobacteria,Rhizobiales,Rhizobiaceae,Unsigned
Zotu683,Bacteria,Proteobacteria,Alphaproteobacteria,Caulobacterales,Caulobacteraceae,Brevundimonas
Zotu684,Bacteria,Bacteroidetes,Cytophagia,Cytophagales,Unsigned,Unsigned
Zotu686,Bacteria,Bacteroidetes,Flavobacteriia,Flavobacteriales,Flavobacteriaceae,Flavobacterium
Zotu685,Bacteria,Proteobacteria,Alphaproteobacteria,Rhizobiales,Rhizobiaceae,Rhizobium
Zotu687,Bacteria,Proteobacteria,Alphaproteobacteria,Rhizobiales,Xanthobacteraceae,Labrys
Zotu688,Bacteria,Proteobacteria,Alphaproteobacteria,Sneathiellales,Sneathiellaceae,Unsigned
Zotu689,Bacteria,p:Firmicutes,Bacilli,Bacillales,Planococcaceae,Ureibacillus
Zotu690,Bacteria,Proteobacteria,Betaproteobacteria,Burkholderiales,Burkholderiales_incertae_sedis,Unsigned
Zotu692,Bacteria,Unsigned,Unsigned,Unsigned,Unsigned,Unsigned
Zotu691,Bacteria,Proteobacteria,Gammaproteobacteria,Unsigned,Unsigned,Unsigned
Zotu694,Bacteria,Proteobacteria,Alphaproteobacteria,Rhizobiales,Unsigned,Unsigned
Zotu693,Bacteria,Proteobacteria,Alphaproteobacteria,Rhizobiales,Hyphomicrobiaceae,Devosia
Zotu695,Bacteria,Proteobacteria,Unsigned,Unsigned,Unsigned,Unsigned
Zotu697,Bacteria,Proteobacteria,Deltaproteobacteria,Myxococcales,Unsigned,Unsigned
Zotu696,Bacteria,Bacteroidetes,Flavobacteriia,Flavobacteriales,Flavobacteriaceae,Flavobacterium
Zotu700,Bacteria,Bacteroidetes,Flavobacteriia,Flavobacteriales,Flavobacteriaceae,Flavobacterium
Zotu698,Bacteria,Proteobacteria,Alphaproteobacteria,Rhizobiales,Hyphomicrobiaceae,Devosia
Zotu699,Bacteria,p:Firmicutes,Bacilli,Bacillales,Bacillaceae_1,Unsigned
Zotu702,Bacteria,Proteobacteria,Alphaproteobacteria,Sphingomonadales,Sphingomonadaceae,Sphingomonas
Zotu701,Bacteria,Proteobacteria,Alphaproteobacteria,Sphingomonadales,Sphingomonadaceae,Sphingopyxis
Zotu704,Bacteria,Bacteroidetes,Sphingobacteriia,Sphingobacteriales,Chitinophagaceae,Unsigned
Zotu703,Bacteria,Proteobacteria,Gammaproteobacteria,Pseudomonadales,Pseudomonadaceae,Cellvibrio
Zotu705,Bacteria,Proteobacteria,Gammaproteobacteria,Unsigned,Unsigned,Unsigned
Zotu707,Bacteria,Bacteroidetes,Sphingobacteriia,Sphingobacteriales,Sphingobacteriaceae,Sphingobacterium
Zotu706,Bacteria,p:Firmicutes,Bacilli,Bacillales,Planococcaceae,Rummeliibacillus
Zotu709,Bacteria,Bacteroidetes,Sphingobacteriia,Sphingobacteriales,Sphingobacteriaceae,Mucilaginibacter
Zotu710,Bacteria,Bacteroidetes,Sphingobacteriia,Sphingobacteriales,Chitinophagaceae,Unsigned
Zotu708,Bacteria,Proteobacteria,Alphaproteobacteria,Rhodospirillales,Rhodospirillaceae,Unsigned
Zotu711,Bacteria,p:Firmicutes,Bacilli,Bacillales,Thermoactinomycetaceae_1,Unsigned
Zotu713,Bacteria,Proteobacteria,Gammaproteobacteria,Pseudomonadales,Pseudomonadaceae,Pseudomonas
Zotu716,Bacteria,Bacteroidetes,Flavobacteriia,Flavobacteriales,Flavobacteriaceae,Chryseobacterium
Zotu715,Bacteria,Proteobacteria,Alphaproteobacteria,Rhizobiales,Hyphomicrobiaceae,Unsigned
Zotu714,Bacteria,Proteobacteria,Alphaproteobacteria,Sphingomonadales,Sphingomonadaceae,Novosphingobium
Zotu718,Bacteria,Bacteroidetes,Cytophagia,Cytophagales,Unsigned,Unsigned
Zotu719,Bacteria,Bacteroidetes,Sphingobacteriia,Sphingobacteriales,Sphingobacteriaceae,Sphingobacterium
Zotu721,Bacteria,Bacteroidetes,Flavobacteriia,Flavobacteriales,Flavobacteriaceae,Flavobacterium
Zotu717,Bacteria,Proteobacteria,Alphaproteobacteria,Rhizobiales,Bradyrhizobiaceae,Unsigned
Zotu720,Bacteria,p:Firmicutes,Bacilli,Bacillales,Bacillaceae_1,Bacillus
Zotu722,Bacteria,Proteobacteria,Alphaproteobacteria,Rhizobiales,Hyphomicrobiaceae,Hyphomicrobium
Zotu724,Bacteria,Bacteroidetes,Sphingobacteriia,Sphingobacteriales,Chitinophagaceae,Unsigned
Zotu726,Bacteria,Bacteroidetes,Cytophagia,Cytophagales,Cyclobacteriaceae,Unsigned
Zotu725,Bacteria,Actinobacteria,Actinobacteria,Actinomycetales,Streptomycetaceae,Streptomyces
Zotu727,Bacteria,Proteobacteria,Alphaproteobacteria,Rhizobiales,Unsigned,Unsigned
Zotu723,Bacteria,Proteobacteria,Alphaproteobacteria,Sphingomonadales,Unsigned,Unsigned
Zotu729,Bacteria,Proteobacteria,Deltaproteobacteria,Myxococcales,Nannocystaceae,Nannocystis
Zotu728,Bacteria,p:Firmicutes,Bacilli,Bacillales,Bacillaceae_1,Unsigned
Zotu731,Bacteria,Proteobacteria,Alphaproteobacteria,Rhizobiales,Hyphomicrobiaceae,Hyphomicrobium
Zotu730,Bacteria,p:Firmicutes,Bacilli,Bacillales,Planococcaceae,Rummeliibacillus
Zotu732,Bacteria,Proteobacteria,Alphaproteobacteria,Rhizobiales,Unsigned,Unsigned
Zotu733,Bacteria,Proteobacteria,Alphaproteobacteria,Rhodobacterales,Rhodobacteraceae,Paracoccus
Zotu735,Bacteria,Bacteroidetes,Cytophagia,Unsigned,Unsigned,Unsigned
Zotu736,Bacteria,Proteobacteria,Gammaproteobacteria,Pseudomonadales,Pseudomonadaceae,Cellvibrio
Zotu734,Bacteria,Proteobacteria,Unsigned,Unsigned,Unsigned,Unsigned
Zotu738,Bacteria,p:Firmicutes,Bacilli,Bacillales,Paenibacillaceae_1,Paenibacillus
Zotu739,Bacteria,Proteobacteria,Betaproteobacteria,Unsigned,Unsigned,Unsigned
Zotu737,Bacteria,p:Firmicutes,Bacilli,Bacillales,Bacillaceae_1,Bacillus
Zotu741,Bacteria,Bacteroidetes,Cytophagia,Cytophagales,Unsigned,Unsigned
Zotu740,Bacteria,Proteobacteria,Alphaproteobacteria,Rhizobiales,Unsigned,Unsigned
Zotu742,Bacteria,Bacteroidetes,Cytophagia,Cytophagales,Unsigned,Unsigned
Zotu743,Bacteria,Bacteroidetes,Sphingobacteriia,Sphingobacteriales,Chitinophagaceae,Chitinophaga
Zotu744,Bacteria,Proteobacteria,Gammaproteobacteria,Unsigned,Unsigned,Unsigned
Zotu746,Bacteria,Bacteroidetes,Flavobacteriia,Flavobacteriales,Flavobacteriaceae,Flavobacterium
Zotu745,Bacteria,p:Firmicutes,Bacilli,Bacillales,Planococcaceae,Rummeliibacillus
Zotu748,Bacteria,Bacteroidetes,Cytophagia,Cytophagales,Unsigned,Unsigned
Zotu747,Bacteria,Proteobacteria,Alphaproteobacteria,Caulobacterales,Caulobacteraceae,Asticcacaulis
Zotu749,Bacteria,Acidobacteria,Acidobacteria_Gp1,Gp1,Unsigned,Unsigned
Zotu751,Bacteria,Proteobacteria,Alphaproteobacteria,Caulobacterales,Caulobacteraceae,Asticcacaulis
Zotu750,Bacteria,Proteobacteria,Alphaproteobacteria,Rhizobiales,Rhizobiaceae,Rhizobium
Zotu752,Bacteria,Proteobacteria,Gammaproteobacteria,Xanthomonadales,Xanthomonadaceae,Unsigned
Zotu753,Bacteria,Proteobacteria,Alphaproteobacteria,Rhizobiales,Unsigned,Unsigned
Zotu754,Bacteria,Actinobacteria,Actinobacteria,Actinomycetales,Streptomycetaceae,Streptomyces
Zotu758,Bacteria,Proteobacteria,Betaproteobacteria,Burkholderiales,Unsigned,Unsigned
Zotu756,Bacteria,Proteobacteria,Gammaproteobacteria,Unsigned,Unsigned,Unsigned
Zotu757,Bacteria,Proteobacteria,Alphaproteobacteria,Rhizobiales,Hyphomicrobiaceae,Pedomicrobium
Zotu755,Bacteria,Proteobacteria,Gammaproteobacteria,Unsigned,Unsigned,Unsigned
Zotu760,Bacteria,Proteobacteria,Alphaproteobacteria,Rhizobiales,Xanthobacteraceae,Unsigned
Zotu759,Bacteria,Proteobacteria,Alphaproteobacteria,Rhizobiales,Xanthobacteraceae,Labrys
Zotu762,Bacteria,p:Firmicutes,Bacilli,Bacillales,Thermoactinomycetaceae_1,Unsigned
Zotu763,Bacteria,p:Firmicutes,Bacilli,Bacillales,Unsigned,Unsigned
Zotu761,Bacteria,Proteobacteria,Gammaproteobacteria,Thiotrichales,Piscirickettsiaceae,Methylophaga
Zotu766,Bacteria,Unsigned,Unsigned,Unsigned,Unsigned,Unsigned
Zotu765,Bacteria,Unsigned,Unsigned,Unsigned,Unsigned,Unsigned
Zotu764,Bacteria,p:Firmicutes,Bacilli,Bacillales,Paenibacillaceae_1,Paenibacillus
Zotu767,Bacteria,Proteobacteria,Alphaproteobacteria,Rhizobiales,Xanthobacteraceae,Unsigned
Zotu768,Bacteria,Proteobacteria,Unsigned,Unsigned,Unsigned,Unsigned
Zotu772,Bacteria,Bacteroidetes,Cytophagia,Cytophagales,Cytophagaceae,Dyadobacter
Zotu771,Bacteria,p:Firmicutes,Bacilli,Bacillales,Paenibacillaceae_1,Paenibacillus
Zotu770,Bacteria,p:Firmicutes,Bacilli,Bacillales,Thermoactinomycetaceae_2,Planifilum
Zotu773,Bacteria,Proteobacteria,Alphaproteobacteria,Rhizobiales,Rhizobiaceae,Unsigned
Zotu774,Bacteria,Proteobacteria,Gammaproteobacteria,Unsigned,Unsigned,Unsigned
Zotu775,Bacteria,p:Firmicutes,Bacilli,Bacillales,Paenibacillaceae_1,Paenibacillus
Zotu776,Bacteria,Proteobacteria,Unsigned,Unsigned,Unsigned,Unsigned
Zotu777,Bacteria,Proteobacteria,Gammaproteobacteria,Pseudomonadales,Pseudomonadaceae,Pseudomonas
Zotu779,Bacteria,Actinobacteria,Actinobacteria,Actinomycetales,Streptomycetaceae,Streptomyces
Zotu778,Bacteria,Proteobacteria,Alphaproteobacteria,Rhizobiales,Hyphomicrobiaceae,Devosia
Zotu781,Bacteria,Bacteroidetes,Cytophagia,Cytophagales,Unsigned,Unsigned
Zotu780,Bacteria,p:Firmicutes,Bacilli,Bacillales,Paenibacillaceae_1,Brevibacillus
Zotu784,Bacteria,Bacteroidetes,Unsigned,Unsigned,Unsigned,Unsigned
Zotu782,Bacteria,Actinobacteria,Unsigned,Unsigned,Unsigned,Unsigned
Zotu783,Bacteria,Proteobacteria,Alphaproteobacteria,Caulobacterales,Hyphomonadaceae,Hyphomonas
Zotu785,Bacteria,Proteobacteria,Alphaproteobacteria,Unsigned,Unsigned,Unsigned
Zotu786,Bacteria,Proteobacteria,Alphaproteobacteria,Rhizobiales,Rhizobiaceae,Unsigned
Zotu787,Bacteria,Proteobacteria,Alphaproteobacteria,Rhizobiales,Hyphomicrobiaceae,Unsigned
Zotu788,Bacteria,Proteobacteria,Alphaproteobacteria,Rhizobiales,Hyphomicrobiaceae,Pedomicrobium
Zotu789,Bacteria,Proteobacteria,Alphaproteobacteria,Caulobacterales,Caulobacteraceae,Brevundimonas
Zotu790,Bacteria,Deinococcus-Thermus,Deinococci,Deinococcales,Unsigned,Unsigned
Zotu791,Bacteria,Proteobacteria,Alphaproteobacteria,Rhizobiales,Rhizobiaceae,Shinella
Zotu795,Bacteria,Bacteroidetes,Cytophagia,Cytophagales,Cytophagaceae,Emticicia
Zotu792,Bacteria,Proteobacteria,Gammaproteobacteria,Unsigned,Unsigned,Unsigned
Zotu794,Bacteria,Bacteroidetes,Sphingobacteriia,Sphingobacteriales,Sphingobacteriaceae,Mucilaginibacter
Zotu793,Bacteria,Proteobacteria,Alphaproteobacteria,Rhizobiales,Unsigned,Unsigned
Zotu796,Bacteria,Proteobacteria,Gammaproteobacteria,Enterobacteriales,Enterobacteriaceae,Unsigned
Zotu797,Bacteria,Proteobacteria,Alphaproteobacteria,Rhizobiales,Hyphomicrobiaceae,Pedomicrobium
Zotu798,Bacteria,Proteobacteria,Alphaproteobacteria,Rhizobiales,Bradyrhizobiaceae,Unsigned
Zotu800,Bacteria,Bacteroidetes,Sphingobacteriia,Sphingobacteriales,Chitinophagaceae,Unsigned
Zotu801,Bacteria,Bacteroidetes,Flavobacteriia,Flavobacteriales,Flavobacteriaceae,Flavobacterium
Zotu799,Bacteria,Proteobacteria,Alphaproteobacteria,Sphingomonadales,Unsigned,Unsigned
Zotu802,Bacteria,Proteobacteria,Alphaproteobacteria,Caulobacterales,Caulobacteraceae,Caulobacter
Zotu803,Bacteria,Proteobacteria,Alphaproteobacteria,Rhizobiales,Hyphomicrobiaceae,Hyphomicrobium
Zotu804,Bacteria,Bacteroidetes,Flavobacteriia,Flavobacteriales,Flavobacteriaceae,Flavobacterium
Zotu806,Bacteria,Proteobacteria,Alphaproteobacteria,Rhizobiales,Hyphomicrobiaceae,Hyphomicrobium
Zotu808,Bacteria,Bacteroidetes,Cytophagia,Cytophagales,Unsigned,Unsigned
Zotu805,Bacteria,Proteobacteria,Alphaproteobacteria,Rhizobiales,Hyphomicrobiaceae,Devosia
Zotu809,Bacteria,Bacteroidetes,Cytophagia,Cytophagales,Unsigned,Unsigned
Zotu807,Bacteria,Proteobacteria,Alphaproteobacteria,Rhodospirillales,Rhodospirillaceae,Dongia
Zotu810,Bacteria,Bacteroidetes,Flavobacteriia,Flavobacteriales,Flavobacteriaceae,Flavobacterium
Zotu813,Bacteria,Actinobacteria,Actinobacteria,Actinomycetales,Streptomycetaceae,Streptomyces
Zotu811,Bacteria,Proteobacteria,Gammaproteobacteria,Pseudomonadales,Pseudomonadaceae,Pseudomonas
Zotu812,Bacteria,p:Firmicutes,Bacilli,Bacillales,Paenibacillaceae_2,Aneurinibacillus
Zotu814,Bacteria,Proteobacteria,Unsigned,Unsigned,Unsigned,Unsigned
Zotu818,Bacteria,Chlamydiae,Chlamydiia,Chlamydiales,Unsigned,Unsigned
Zotu815,Bacteria,Proteobacteria,Deltaproteobacteria,Unsigned,Unsigned,Unsigned
Zotu816,Bacteria,p:Firmicutes,Clostridia,Unsigned,Unsigned,Unsigned
Zotu817,Bacteria,Bacteroidetes,Flavobacteriia,Flavobacteriales,Flavobacteriaceae,Flavobacterium
Zotu819,Bacteria,Proteobacteria,Alphaproteobacteria,Caulobacterales,Caulobacteraceae,Brevundimonas
Zotu820,Bacteria,Proteobacteria,Unsigned,Unsigned,Unsigned,Unsigned
Zotu821,Bacteria,Proteobacteria,Alphaproteobacteria,Rhodospirillales,Rhodospirillaceae,Dongia
Zotu823,Bacteria,Proteobacteria,Alphaproteobacteria,Rhizobiales,Brucellaceae,Ochrobactrum
Zotu822,Bacteria,Proteobacteria,Unsigned,Unsigned,Unsigned,Unsigned
Zotu824,Bacteria,Proteobacteria,Alphaproteobacteria,Rhizobiales,Hyphomicrobiaceae,Devosia
Zotu825,Bacteria,p:Firmicutes,Bacilli,Bacillales,Planococcaceae,Ureibacillus
Zotu827,Bacteria,Proteobacteria,Alphaproteobacteria,Rhizobiales,Hyphomicrobiaceae,Pedomicrobium
Zotu826,Bacteria,p:Firmicutes,Bacilli,Bacillales,Bacillaceae_1,Bacillus
Zotu829,Bacteria,Proteobacteria,Alphaproteobacteria,Rhodospirillales,Reyranella,Unsigned
Zotu828,Bacteria,Proteobacteria,Alphaproteobacteria,Caulobacterales,Caulobacteraceae,Phenylobacterium
Zotu830,Bacteria,Proteobacteria,Unsigned,Unsigned,Unsigned,Unsigned
Zotu831,Bacteria,Bacteroidetes,Sphingobacteriia,Sphingobacteriales,Sphingobacteriaceae,Sphingobacterium
Zotu832,Bacteria,Actinobacteria,Actinobacteria,Actinomycetales,Streptomycetaceae,Streptomyces
Zotu833,Bacteria,Proteobacteria,Alphaproteobacteria,Rhizobiales,Hyphomicrobiaceae,Hyphomicrobium
Zotu834,Bacteria,Proteobacteria,Gammaproteobacteria,Xanthomonadales,Xanthomonadaceae,Unsigned
Zotu836,Bacteria,Proteobacteria,Gammaproteobacteria,Pseudomonadales,Unsigned,Unsigned
Zotu835,Bacteria,Proteobacteria,Alphaproteobacteria,Unsigned,Unsigned,Unsigned
Zotu837,Bacteria,p:Firmicutes,Bacilli,Bacillales,Unsigned,Unsigned
Zotu839,Bacteria,Chlamydiae,Chlamydiia,Chlamydiales,Parachlamydiaceae,Neochlamydia
Zotu838,Bacteria,Proteobacteria,Alphaproteobacteria,Sphingomonadales,Sphingomonadaceae,Novosphingobium
Zotu841,Bacteria,Proteobacteria,Betaproteobacteria,Burkholderiales,Unsigned,Unsigned
Zotu840,Bacteria,Proteobacteria,Alphaproteobacteria,Rhizobiales,Unsigned,Unsigned
Zotu842,Bacteria,p:Firmicutes,Bacilli,Bacillales,Unsigned,Unsigned
Zotu845,Bacteria,Proteobacteria,Alphaproteobacteria,Rhizobiales,Hyphomicrobiaceae,Devosia
Zotu843,Bacteria,Proteobacteria,Alphaproteobacteria,Rhizobiales,Rhizobiaceae,Rhizobium
Zotu844,Bacteria,Proteobacteria,Alphaproteobacteria,Rhodospirillales,Reyranella,Unsigned
Zotu847,Bacteria,Proteobacteria,Betaproteobacteria,Burkholderiales,Comamonadaceae,Acidovorax
Zotu846,Bacteria,p:Firmicutes,Bacilli,Bacillales,Planococcaceae,Rummeliibacillus
Zotu850,Bacteria,Bacteroidetes,Sphingobacteriia,Sphingobacteriales,Chitinophagaceae,Unsigned
Zotu849,Bacteria,Proteobacteria,Alphaproteobacteria,Rhizobiales,Rhizobiaceae,Unsigned
Zotu848,Bacteria,Proteobacteria,Gammaproteobacteria,Aeromonadales,Aeromonadaceae,Aeromonas
Zotu851,Bacteria,Proteobacteria,Alphaproteobacteria,Rhizobiales,Bradyrhizobiaceae,Unsigned
Zotu852,Bacteria,Proteobacteria,Deltaproteobacteria,Desulfuromonadales,Geobacteraceae,Unsigned
Zotu853,Bacteria,Proteobacteria,Gammaproteobacteria,Pseudomonadales,Pseudomonadaceae,Unsigned
Zotu854,Bacteria,Proteobacteria,Alphaproteobacteria,Rhodobacterales,Rhodobacteraceae,Unsigned
Zotu856,Bacteria,p:Firmicutes,Unsigned,Unsigned,Unsigned,Unsigned
Zotu858,Bacteria,Proteobacteria,Alphaproteobacteria,Rhizobiales,Phyllobacteriaceae,Mesorhizobium
Zotu857,Bacteria,Proteobacteria,Alphaproteobacteria,Sphingomonadales,Sphingomonadaceae,Novosphingobium
Zotu855,Bacteria,p:Firmicutes,Bacilli,Bacillales,Bacillaceae_1,Bacillus
Zotu859,Bacteria,Proteobacteria,Alphaproteobacteria,Rhodobacterales,Rhodobacteraceae,Unsigned
Zotu861,Bacteria,Chlamydiae,Chlamydiia,Chlamydiales,Unsigned,Unsigned
Zotu862,Bacteria,Proteobacteria,Alphaproteobacteria,Sphingomonadales,Sphingomonadaceae,Sphingomonas
Zotu860,Bacteria,Proteobacteria,Unsigned,Unsigned,Unsigned,Unsigned
Zotu863,Bacteria,p:Firmicutes,Bacilli,Bacillales,Bacillaceae_2,Tuberibacillus
Zotu864,Bacteria,Bacteroidetes,Flavobacteriia,Flavobacteriales,Flavobacteriaceae,Flavobacterium
Zotu865,Bacteria,Proteobacteria,Unsigned,Unsigned,Unsigned,Unsigned
Zotu869,Bacteria,Bacteroidetes,Sphingobacteriia,Sphingobacteriales,Chitinophagaceae,Chitinophaga
Zotu866,Bacteria,Proteobacteria,Gammaproteobacteria,Pseudomonadales,Pseudomonadaceae,Unsigned
Zotu867,Bacteria,Proteobacteria,Alphaproteobacteria,Rhizobiales,Rhizobiaceae,Ensifer
Zotu868,Bacteria,Proteobacteria,Betaproteobacteria,Burkholderiales,Comamonadaceae,Unsigned
Zotu870,Bacteria,Proteobacteria,Unsigned,Unsigned,Unsigned,Unsigned
Zotu871,Bacteria,Proteobacteria,Alphaproteobacteria,Rhizobiales,Rhizobiaceae,Unsigned
Zotu872,Bacteria,p:Firmicutes,Bacilli,Bacillales,Planococcaceae,Lysinibacillus
Zotu875,Bacteria,Bacteroidetes,Sphingobacteriia,Sphingobacteriales,Chitinophagaceae,Chitinophaga
Zotu873,Bacteria,Actinobacteria,Actinobacteria,Actinomycetales,Streptomycetaceae,Streptomyces
Zotu877,Bacteria,p:Firmicutes,Unsigned,Unsigned,Unsigned,Unsigned
Zotu874,Bacteria,Proteobacteria,Gammaproteobacteria,Unsigned,Unsigned,Unsigned
Zotu878,Bacteria,Proteobacteria,Deltaproteobacteria,Myxococcales,Polyangiaceae,Unsigned
Zotu880,Bacteria,p:Firmicutes,Bacilli,Bacillales,Paenibacillaceae_1,Paenibacillus
Zotu879,Bacteria,Proteobacteria,Alphaproteobacteria,Rhizobiales,Unsigned,Unsigned
Zotu881,Bacteria,Proteobacteria,Alphaproteobacteria,Rhizobiales,Rhizobiaceae,Unsigned
Zotu884,Bacteria,Bacteroidetes,Cytophagia,Cytophagales,Unsigned,Unsigned
Zotu882,Bacteria,Proteobacteria,Gammaproteobacteria,Pseudomonadales,Pseudomonadaceae,Unsigned
Zotu883,Bacteria,Proteobacteria,Gammaproteobacteria,Unsigned,Unsigned,Unsigned
Zotu886,Bacteria,Proteobacteria,Gammaproteobacteria,Xanthomonadales,Xanthomonadaceae,Arenimonas
Zotu885,Bacteria,p:Firmicutes,Bacilli,Bacillales,Planococcaceae,Ureibacillus
Zotu888,Bacteria,Proteobacteria,Alphaproteobacteria,Sphingomonadales,Sphingomonadaceae,Sphingopyxis
Zotu887,Bacteria,Proteobacteria,Alphaproteobacteria,Rhizobiales,Unsigned,Unsigned
Zotu889,Bacteria,Proteobacteria,Alphaproteobacteria,Rhizobiales,Bradyrhizobiaceae,Bosea
Zotu891,Bacteria,Proteobacteria,Alphaproteobacteria,Rhizobiales,Rhizobiaceae,Unsigned
Zotu892,Bacteria,p:Firmicutes,Bacilli,Bacillales,Bacillaceae_1,Bacillus
Zotu894,Bacteria,Proteobacteria,Alphaproteobacteria,Rhizobiales,Brucellaceae,Unsigned
Zotu893,Bacteria,Proteobacteria,Alphaproteobacteria,Rhizobiales,Hyphomicrobiaceae,Unsigned
Zotu895,Bacteria,Proteobacteria,Alphaproteobacteria,Unsigned,Unsigned,Unsigned
Zotu896,Bacteria,Proteobacteria,Gammaproteobacteria,Xanthomonadales,Xanthomonadaceae,Unsigned
Zotu897,Bacteria,Proteobacteria,Alphaproteobacteria,Rhizobiales,Unsigned,Unsigned
Zotu898,Bacteria,Proteobacteria,Alphaproteobacteria,Unsigned,Unsigned,Unsigned
Zotu899,Bacteria,Proteobacteria,Alphaproteobacteria,Caulobacterales,Caulobacteraceae,Unsigned
Zotu900,Bacteria,Proteobacteria,Alphaproteobacteria,Rhizobiales,Unsigned,Unsigned
Zotu901,Bacteria,Actinobacteria,Actinobacteria,Unsigned,Unsigned,Unsigned
Zotu902,Bacteria,Proteobacteria,Alphaproteobacteria,Caulobacterales,Unsigned,Unsigned
Zotu903,Bacteria,Proteobacteria,Alphaproteobacteria,Rhizobiales,Unsigned,Unsigned
Zotu905,Bacteria,Proteobacteria,Gammaproteobacteria,Pseudomonadales,Pseudomonadaceae,Pseudomonas
Zotu906,Bacteria,p:Firmicutes,Unsigned,Unsigned,Unsigned,Unsigned
Zotu904,Bacteria,Proteobacteria,Alphaproteobacteria,Unsigned,Unsigned,Unsigned
Zotu907,Bacteria,Proteobacteria,Gammaproteobacteria,Unsigned,Unsigned,Unsigned
Zotu909,Bacteria,Proteobacteria,Gammaproteobacteria,Pseudomonadales,Pseudomonadaceae,Pseudomonas
Zotu908,Bacteria,Proteobacteria,Gammaproteobacteria,Xanthomonadales,Xanthomonadaceae,Unsigned
Zotu912,Bacteria,Bacteroidetes,Flavobacteriia,Flavobacteriales,Flavobacteriaceae,Flavobacterium
Zotu911,Bacteria,Proteobacteria,Alphaproteobacteria,Rhizobiales,Unsigned,Unsigned
Zotu913,Bacteria,p:Firmicutes,Bacilli,Bacillales,Bacillaceae_1,Bacillus
Zotu914,Bacteria,Proteobacteria,Alphaproteobacteria,Rhizobiales,Unsigned,Unsigned
Zotu915,Bacteria,Proteobacteria,Alphaproteobacteria,Sphingomonadales,Sphingomonadaceae,Novosphingobium
Zotu917,Bacteria,Proteobacteria,Unsigned,Unsigned,Unsigned,Unsigned
Zotu918,Bacteria,Proteobacteria,Gammaproteobacteria,Enterobacteriales,Enterobacteriaceae,Escherichia/Shigella
Zotu916,Bacteria,Proteobacteria,Deltaproteobacteria,Myxococcales,Polyangiaceae,Unsigned
Zotu919,Bacteria,Proteobacteria,Gammaproteobacteria,Unsigned,Unsigned,Unsigned
Zotu921,Bacteria,Proteobacteria,Betaproteobacteria,Burkholderiales,Comamonadaceae,Unsigned
Zotu920,Bacteria,p:Firmicutes,Bacilli,Bacillales,Unsigned,Unsigned
Zotu922,Bacteria,Bacteroidetes,Flavobacteriia,Flavobacteriales,Flavobacteriaceae,Unsigned
Zotu923,Bacteria,Proteobacteria,Alphaproteobacteria,Rhizobiales,Unsigned,Unsigned
Zotu925,Bacteria,Bacteroidetes,Sphingobacteriia,Sphingobacteriales,Chitinophagaceae,Unsigned
Zotu924,Bacteria,Proteobacteria,Alphaproteobacteria,Rhizobiales,Rhizobiaceae,Rhizobium
Zotu926,Bacteria,Proteobacteria,Alphaproteobacteria,Rhizobiales,Brucellaceae,Ochrobactrum
Zotu927,Bacteria,p:Firmicutes,Bacilli,Bacillales,Unsigned,Unsigned
Zotu929,Bacteria,Proteobacteria,Gammaproteobacteria,Oceanospirillales,Oceanospirillaceae,Marinomonas
Zotu928,Bacteria,Proteobacteria,Alphaproteobacteria,Rhizobiales,Unsigned,Unsigned
Zotu930,Bacteria,Bacteroidetes,Flavobacteriia,Flavobacteriales,Flavobacteriaceae,Unsigned
Zotu931,Bacteria,Bacteroidetes,Sphingobacteriia,Sphingobacteriales,Sphingobacteriaceae,Mucilaginibacter
Zotu933,Bacteria,Bacteroidetes,Sphingobacteriia,Sphingobacteriales,Chitinophagaceae,Terrimonas
Zotu934,Bacteria,Unsigned,Unsigned,Unsigned,Unsigned,Unsigned
Zotu932,Bacteria,Bacteroidetes,Flavobacteriia,Flavobacteriales,Flavobacteriaceae,Flavobacterium
Zotu935,Bacteria,Bacteroidetes,Sphingobacteriia,Sphingobacteriales,Chitinophagaceae,Unsigned
Zotu938,Bacteria,Bacteroidetes,Flavobacteriia,Flavobacteriales,Flavobacteriaceae,Flavobacterium
Zotu936,Bacteria,Proteobacteria,Gammaproteobacteria,Xanthomonadales,Xanthomonadaceae,Unsigned
Zotu937,Bacteria,Proteobacteria,Alphaproteobacteria,Rhodobacterales,Rhodobacteraceae,Amaricoccus
Zotu940,Bacteria,Proteobacteria,Alphaproteobacteria,Caulobacterales,Caulobacteraceae,Phenylobacterium
Zotu939,Bacteria,Proteobacteria,Alphaproteobacteria,Rhizobiales,Unsigned,Unsigned
Zotu943,Bacteria,Bacteroidetes,Sphingobacteriia,Sphingobacteriales,Sphingobacteriaceae,Sphingobacterium
Zotu941,Bacteria,Bacteroidetes,Cytophagia,Cytophagales,Cytophagaceae,Cytophaga
Zotu942,Bacteria,Proteobacteria,Alphaproteobacteria,Rhizobiales,Xanthobacteraceae,Azorhizobium
Zotu944,Bacteria,Bacteroidetes,Flavobacteriia,Flavobacteriales,Flavobacteriaceae,Flavobacterium
Zotu945,Bacteria,Proteobacteria,Gammaproteobacteria,Pseudomonadales,Pseudomonadaceae,Pseudomonas
Zotu947,Bacteria,Proteobacteria,Gammaproteobacteria,Chromatiales,Chromatiaceae,Rheinheimera
Zotu946,Bacteria,Proteobacteria,Alphaproteobacteria,Sphingomonadales,Sphingomonadaceae,Unsigned
Zotu948,Bacteria,Proteobacteria,Alphaproteobacteria,Rhizobiales,Unsigned,Unsigned
Zotu949,Bacteria,Proteobacteria,Gammaproteobacteria,Legionellales,Unsigned,Unsigned
Zotu953,Bacteria,Unsigned,Unsigned,Unsigned,Unsigned,Unsigned
Zotu951,Bacteria,Proteobacteria,Alphaproteobacteria,Rhizobiales,Unsigned,Unsigned
Zotu950,Bacteria,Proteobacteria,Gammaproteobacteria,Xanthomonadales,Sinobacteraceae,Unsigned
Zotu952,Bacteria,p:Firmicutes,Bacilli,Bacillales,Bacillaceae_1,Bacillus
Zotu955,Bacteria,Proteobacteria,Gammaproteobacteria,Xanthomonadales,Xanthomonadaceae,Arenimonas
Zotu954,Bacteria,p:Firmicutes,Bacilli,Bacillales,Unsigned,Unsigned
Zotu957,Bacteria,Actinobacteria,Actinobacteria,Actinomycetales,Streptomycetaceae,Streptomyces
Zotu958,Bacteria,Proteobacteria,Alphaproteobacteria,Rhodobacterales,Rhodobacteraceae,Unsigned
Zotu956,Bacteria,Proteobacteria,Alphaproteobacteria,Rhizobiales,Hyphomicrobiaceae,Hyphomicrobium
Zotu959,Bacteria,Proteobacteria,Gammaproteobacteria,Legionellales,Coxiellaceae,Aquicella
Zotu960,Bacteria,Proteobacteria,Gammaproteobacteria,Xanthomonadales,Xanthomonadaceae,Unsigned
Zotu961,Bacteria,p:Firmicutes,Bacilli,Bacillales,Unsigned,Unsigned
Zotu962,Bacteria,Bacteroidetes,Flavobacteriia,Flavobacteriales,Flavobacteriaceae,Flavobacterium
Zotu963,Bacteria,Proteobacteria,Gammaproteobacteria,Unsigned,Unsigned,Unsigned
Zotu964,Bacteria,Proteobacteria,Alphaproteobacteria,Rhizobiales,Unsigned,Unsigned
Zotu968,Bacteria,Bacteroidetes,Cytophagia,Cytophagales,Unsigned,Unsigned
Zotu965,Bacteria,p:Firmicutes,Bacilli,Bacillales,Thermoactinomycetaceae_1,Thermoactinomyces
Zotu967,Bacteria,Proteobacteria,Alphaproteobacteria,Rhizobiales,Hyphomicrobiaceae,Unsigned
Zotu966,Bacteria,Proteobacteria,Gammaproteobacteria,Pseudomonadales,Pseudomonadaceae,Pseudomonas
Zotu969,Bacteria,Proteobacteria,Alphaproteobacteria,Rhizobiales,Hyphomicrobiaceae,Devosia
Zotu970,Bacteria,Bacteroidetes,Flavobacteriia,Flavobacteriales,Flavobacteriaceae,Flavobacterium
Zotu971,Bacteria,p:Firmicutes,Bacilli,Bacillales,Paenibacillaceae_1,Paenibacillus
Zotu972,Bacteria,Proteobacteria,Alphaproteobacteria,Rhodospirillales,Reyranella,Unsigned
Zotu975,Bacteria,Bacteroidetes,Flavobacteriia,Flavobacteriales,Flavobacteriaceae,Unsigned
Zotu974,Bacteria,p:Firmicutes,Bacilli,Bacillales,Paenibacillaceae_1,Paenibacillus
Zotu973,Bacteria,Bacteroidetes,Sphingobacteriia,Sphingobacteriales,Sphingobacteriaceae,Sphingobacterium
Zotu976,Bacteria,Proteobacteria,Alphaproteobacteria,Caulobacterales,Caulobacteraceae,Unsigned
